2024-09-05 09:18:18,599 [INFO] Activator:176 - 


2024-09-05 09:18:18,600 [INFO] Activator:177 - !SESSION log4j initialized
2024-09-05 09:18:19,991 [INFO] LogOutputStream:77 - [STDOUT_REDIRECT] 
2024-09-05 09:18:46,114 [INFO] ApplicationProperties:184 - Using Application install path: D:\software\st\STM32CubeIDE_1.15.0\STM32CubeIDE\plugins\com.st.stm32cube.common.mx_6.12.0.202406281431
2024-09-05 09:18:46,123 [INFO] DbMcusXml:78 - Set database path to: D:\software\st\STM32CubeIDE_1.15.0\STM32CubeIDE\plugins\com.st.stm32cube.common.mx_6.12.0.202406281431\\db\/mcu/
2024-09-05 09:18:46,124 [INFO] ApiDb:274 - Set plugin database path to: D:\software\st\STM32CubeIDE_1.15.0\STM32CubeIDE\plugins\com.st.stm32cube.common.mx_6.12.0.202406281431\\db\/plugins/boardmanager/
2024-09-05 09:18:46,124 [WARN] ApiDb:259 - Overriding images path with different value:  => D:\software\st\STM32CubeIDE_1.15.0\STM32CubeIDE\plugins\com.st.stm32cube.common.mx_6.12.0.202406281431\\db\/plugins/mcufinder/images/
2024-09-05 09:18:46,127 [INFO] ApiDb:250 - Set database path to: C:\Users\bashk\.stmcufinder\plugins\mcufinder//mcu/
2024-09-05 09:18:46,127 [INFO] DbMcusAds:125 - Set database path to: C:\Users\bashk\.stmcufinder\plugins\mcufinder//mcu/
2024-09-05 09:18:46,157 [INFO] CrossReferenceDbSqlite:203 - Set database path to: C:\Users\bashk\.stmcufinder\plugins\mcufinder//mcu/cs/
2024-09-05 09:18:46,218 [INFO] RulesReader:64 - Compatibility file has been processed (297 Rules)
2024-09-05 09:18:46,262 [INFO] DbMcusXml:78 - Set database path to: D:\software\st\STM32CubeIDE_1.15.0\STM32CubeIDE\plugins\com.st.stm32cube.common.mx_6.12.0.202406281431\\db\/mcu/
2024-09-05 09:18:46,262 [INFO] ApiDb:274 - Set plugin database path to: D:\software\st\STM32CubeIDE_1.15.0\STM32CubeIDE\plugins\com.st.stm32cube.common.mx_6.12.0.202406281431\\db\/plugins/boardmanager/
2024-09-05 09:18:46,262 [INFO] ApiDb:261 - Set plugin images path to: D:\software\st\STM32CubeIDE_1.15.0\STM32CubeIDE\plugins\com.st.stm32cube.common.mx_6.12.0.202406281431\\db\/plugins/mcufinder/images/
2024-09-05 09:18:46,262 [WARN] DbFile:41 - Overriding database path with different value: C:\Users\bashk\.stmcufinder\plugins\mcufinder/ => C:\Users\bashk\.stmcufinder\plugins\mcufinder
2024-09-05 09:18:46,262 [INFO] ApiDb:250 - Set database path to: C:\Users\bashk\.stmcufinder\plugins\mcufinder//mcu/
2024-09-05 09:18:46,262 [WARN] DbFile:41 - Overriding database path with different value: C:\Users\bashk\.stmcufinder\plugins\mcufinder/ => C:\Users\bashk\.stmcufinder\plugins\mcufinder
2024-09-05 09:18:46,263 [INFO] DbMcusAds:125 - Set database path to: C:\Users\bashk\.stmcufinder\plugins\mcufinder//mcu/
2024-09-05 09:18:46,263 [WARN] DbFile:41 - Overriding database path with different value: C:\Users\bashk\.stmcufinder\plugins\mcufinder/ => C:\Users\bashk\.stmcufinder\plugins\mcufinder
2024-09-05 09:18:46,263 [WARN] DbFile:41 - Overriding database path with different value: C:\Users\bashk\.stmcufinder\plugins\mcufinder/ => C:\Users\bashk\.stmcufinder\plugins\mcufinder
2024-09-05 09:18:46,263 [INFO] CrossReferenceDbSqlite:203 - Set database path to: C:\Users\bashk\.stmcufinder\plugins\mcufinder//mcu/cs/
2024-09-05 09:18:46,304 [INFO] MainPanel:268 - HeapMemory: 268435456
2024-09-05 09:18:46,352 [INFO] DbMcusXml:78 - Set database path to: D:\software\st\STM32CubeIDE_1.15.0\STM32CubeIDE\plugins\com.st.stm32cube.common.mx_6.12.0.202406281431\\db\/mcu/
2024-09-05 09:18:46,352 [INFO] ApiDb:274 - Set plugin database path to: D:\software\st\STM32CubeIDE_1.15.0\STM32CubeIDE\plugins\com.st.stm32cube.common.mx_6.12.0.202406281431\\db\/plugins/boardmanager/
2024-09-05 09:18:46,352 [INFO] ApiDb:261 - Set plugin images path to: D:\software\st\STM32CubeIDE_1.15.0\STM32CubeIDE\plugins\com.st.stm32cube.common.mx_6.12.0.202406281431\\db\/plugins/mcufinder/images/
2024-09-05 09:18:46,353 [WARN] DbFile:41 - Overriding database path with different value: C:\Users\bashk\.stmcufinder\plugins\mcufinder/ => C:\Users\bashk\.stmcufinder\plugins\mcufinder
2024-09-05 09:18:46,353 [INFO] ApiDb:250 - Set database path to: C:\Users\bashk\.stmcufinder\plugins\mcufinder//mcu/
2024-09-05 09:18:46,353 [WARN] DbFile:41 - Overriding database path with different value: C:\Users\bashk\.stmcufinder\plugins\mcufinder/ => C:\Users\bashk\.stmcufinder\plugins\mcufinder
2024-09-05 09:18:46,353 [INFO] DbMcusAds:125 - Set database path to: C:\Users\bashk\.stmcufinder\plugins\mcufinder//mcu/
2024-09-05 09:18:46,353 [WARN] DbFile:41 - Overriding database path with different value: C:\Users\bashk\.stmcufinder\plugins\mcufinder/ => C:\Users\bashk\.stmcufinder\plugins\mcufinder
2024-09-05 09:18:46,353 [WARN] DbFile:41 - Overriding database path with different value: C:\Users\bashk\.stmcufinder\plugins\mcufinder/ => C:\Users\bashk\.stmcufinder\plugins\mcufinder
2024-09-05 09:18:46,353 [INFO] CrossReferenceDbSqlite:203 - Set database path to: C:\Users\bashk\.stmcufinder\plugins\mcufinder//mcu/cs/
2024-09-05 09:18:46,361 [INFO] ApplicationProperties:184 - Using Application install path: D:\software\st\STM32CubeIDE_1.15.0\STM32CubeIDE\plugins\com.st.stm32cube.common.mx_6.12.0.202406281431
2024-09-05 09:18:46,362 [INFO] PluginManage:196 - Search for loadable plugins [exclusion list=, ]
2024-09-05 09:18:46,363 [INFO] PluginManage:310 - Check plugin analytics
2024-09-05 09:18:46,449 [INFO] AnalyticsPlugin:253 - Accepted Software Licenses: STM32CubeMX.6.11.0,STM32CubeMX.6.12.0
2024-09-05 09:18:46,449 [INFO] AnalyticsPlugin:255 - Accepted CMSIS Pack Licenses: 
2024-09-05 09:18:46,449 [INFO] AnalyticsPlugin:257 - Accepted Firmware Licenses: FW.F4.1.28.0
2024-09-05 09:18:46,449 [INFO] PluginManage:359 - Loaded plugin analytics (category:tool,tabindex:-1)
2024-09-05 09:18:46,449 [INFO] PluginManage:310 - Check plugin cadmodel
2024-09-05 09:18:46,451 [INFO] CADModel:105 - Init CAD model plugin
2024-09-05 09:18:46,451 [INFO] PluginManage:359 - Loaded plugin cadmodel (category:power,tabindex:5)
2024-09-05 09:18:46,451 [INFO] PluginManage:310 - Check plugin clock
2024-09-05 09:18:46,455 [INFO] PluginManage:359 - Loaded plugin clock (category:base,tabindex:2)
2024-09-05 09:18:46,455 [INFO] PluginManage:310 - Check plugin ddr
2024-09-05 09:18:46,456 [INFO] PluginManage:359 - Loaded plugin ddr (category:tool,tabindex:6)
2024-09-05 09:18:46,456 [INFO] PluginManage:310 - Check plugin filemanager
2024-09-05 09:18:46,520 [INFO] PluginManage:359 - Loaded plugin filemanager (category:base,tabindex:10)
2024-09-05 09:18:46,520 [INFO] PluginManage:310 - Check plugin ipmanager
2024-09-05 09:18:46,524 [INFO] PluginManage:359 - Loaded plugin ipmanager (category:base,tabindex:5)
2024-09-05 09:18:46,525 [INFO] PluginManage:310 - Check plugin lpbam
2024-09-05 09:18:46,528 [INFO] PluginManage:359 - Loaded plugin lpbam (category:base,tabindex:0)
2024-09-05 09:18:46,528 [INFO] PluginManage:310 - Check plugin memorymap
2024-09-05 09:18:46,533 [INFO] PluginManage:359 - Loaded plugin memorymap (category:base,tabindex:4)
2024-09-05 09:18:46,533 [INFO] PluginManage:310 - Check plugin pinoutandconfiguration
2024-09-05 09:18:46,536 [INFO] PluginManage:359 - Loaded plugin pinoutandconfiguration (category:base,tabindex:1)
2024-09-05 09:18:46,536 [INFO] PluginManage:310 - Check plugin pinoutconfig
2024-09-05 09:18:46,573 [WARN] SupportedApi:132 - Cannot load RTOS API schema: s4s-elt-must-match.1: The content of 'definitions' must match (annotation?, (simpleType | complexType)?, (unique | key | keyref)*)). A problem was found starting at: attribute.
2024-09-05 09:18:46,634 [INFO] PluginManage:359 - Loaded plugin pinoutconfig (category:base,tabindex:0)
2024-09-05 09:18:46,634 [INFO] PluginManage:310 - Check plugin power
2024-09-05 09:18:46,638 [INFO] PluginManage:359 - Loaded plugin power (category:power,tabindex:4)
2024-09-05 09:18:46,638 [INFO] PluginManage:310 - Check plugin projectmanager
2024-09-05 09:18:46,647 [INFO] PluginManage:359 - Loaded plugin projectmanager (category:projectmanager,tabindex:4)
2024-09-05 09:18:46,647 [INFO] PluginManage:310 - Check plugin rif
2024-09-05 09:18:46,650 [INFO] PluginManage:359 - Loaded plugin rif (category:base,tabindex:3)
2024-09-05 09:18:46,650 [INFO] PluginManage:310 - Check plugin thirdparty
2024-09-05 09:18:46,723 [WARN] IntegrityCheckThread:84 - waiting for thirdparty lock release [integrity check]
2024-09-05 09:18:46,724 [INFO] IntegrityCheckThread:86 - entering critical section [integrity check]
2024-09-05 09:18:46,724 [INFO] PluginManage:359 - Loaded plugin thirdparty (category:base,tabindex:-1)
2024-09-05 09:18:46,724 [INFO] PluginManage:310 - Check plugin tools
2024-09-05 09:18:46,725 [INFO] ThirdPartyUpdaterWithRetryManager:70 - Updater plugin not ready yet. [1/15]
2024-09-05 09:18:46,727 [INFO] PluginManage:359 - Loaded plugin tools (category:base,tabindex:7)
2024-09-05 09:18:46,727 [INFO] PluginManage:310 - Check plugin tutovideos
2024-09-05 09:18:46,820 [INFO] PluginManage:359 - Loaded plugin tutovideos (category:base,tabindex:-1)
2024-09-05 09:18:46,820 [INFO] PluginManage:310 - Check plugin updater
2024-09-05 09:18:46,827 [INFO] PluginManage:359 - Loaded plugin updater (category:base,tabindex:12)
2024-09-05 09:18:46,827 [INFO] PluginManage:310 - Check plugin userauth
2024-09-05 09:18:46,830 [INFO] UserAuth:113 - Init User Auth plugin
2024-09-05 09:18:46,830 [INFO] PluginManage:359 - Loaded plugin userauth (category:base,tabindex:14)
2024-09-05 09:18:46,830 [INFO] PluginManage:283 - PluginManage : Loaded plugins [18]
2024-09-05 09:18:46,934 [INFO] PinOutPanel:1561 - setPackage(No Configuration,No Configuration)
2024-09-05 09:18:46,979 [INFO] CADModel:165 - CPN selected for project level
2024-09-05 09:18:46,979 [INFO] CADModel:114 - Register for checkConnection events
2024-09-05 09:18:46,986 [INFO] IPUIPlugin:80 - create IPUIPlugin
2024-09-05 09:18:46,986 [INFO] PluginManager:220 - loadIPPluginJar : add adc
2024-09-05 09:18:46,987 [INFO] IPUIPlugin:80 - create IPUIPlugin
2024-09-05 09:18:46,987 [INFO] PluginManager:220 - loadIPPluginJar : add aes
2024-09-05 09:18:46,988 [INFO] IPUIPlugin:80 - create IPUIPlugin
2024-09-05 09:18:46,989 [INFO] PluginManager:220 - loadIPPluginJar : add can
2024-09-05 09:18:46,989 [INFO] IPUIPlugin:80 - create IPUIPlugin
2024-09-05 09:18:46,989 [INFO] PluginManager:220 - loadIPPluginJar : add comp
2024-09-05 09:18:46,990 [INFO] IPUIPlugin:80 - create IPUIPlugin
2024-09-05 09:18:46,990 [INFO] PluginManager:220 - loadIPPluginJar : add cryp
2024-09-05 09:18:46,991 [INFO] IPUIPlugin:80 - create IPUIPlugin
2024-09-05 09:18:46,991 [INFO] PluginManager:220 - loadIPPluginJar : add ddr_ctrl_phy
2024-09-05 09:18:46,992 [INFO] IPUIPlugin:80 - create IPUIPlugin
2024-09-05 09:18:46,992 [INFO] PluginManager:220 - loadIPPluginJar : add dfsdm
2024-09-05 09:18:46,994 [INFO] IPUIPlugin:80 - create IPUIPlugin
2024-09-05 09:18:46,994 [INFO] PluginManager:220 - loadIPPluginJar : add dma
2024-09-05 09:18:46,995 [INFO] IPUIPlugin:80 - create IPUIPlugin
2024-09-05 09:18:46,995 [INFO] PluginManager:220 - loadIPPluginJar : add dma3
2024-09-05 09:18:46,996 [INFO] IPUIPlugin:80 - create IPUIPlugin
2024-09-05 09:18:46,996 [INFO] PluginManager:220 - loadIPPluginJar : add extmemmanager
2024-09-05 09:18:46,997 [INFO] IPUIPlugin:80 - create IPUIPlugin
2024-09-05 09:18:46,997 [INFO] PluginManager:220 - loadIPPluginJar : add fatfs
2024-09-05 09:18:46,999 [INFO] IPUIPlugin:80 - create IPUIPlugin
2024-09-05 09:18:46,999 [INFO] PluginManager:220 - loadIPPluginJar : add fmc
2024-09-05 09:18:47,001 [INFO] IPUIPlugin:80 - create IPUIPlugin
2024-09-05 09:18:47,001 [INFO] PluginManager:220 - loadIPPluginJar : add freertos
2024-09-05 09:18:47,002 [INFO] IPUIPlugin:80 - create IPUIPlugin
2024-09-05 09:18:47,002 [INFO] PluginManager:220 - loadIPPluginJar : add genericplugin
2024-09-05 09:18:47,002 [INFO] IPUIPlugin:80 - create IPUIPlugin
2024-09-05 09:18:47,002 [INFO] PluginManager:220 - loadIPPluginJar : add gfxmmu
2024-09-05 09:18:47,004 [INFO] IPUIPlugin:80 - create IPUIPlugin
2024-09-05 09:18:47,004 [INFO] PluginManager:220 - loadIPPluginJar : add gic
2024-09-05 09:18:47,006 [INFO] IPUIPlugin:80 - create IPUIPlugin
2024-09-05 09:18:47,006 [INFO] PluginManager:220 - loadIPPluginJar : add gpio
2024-09-05 09:18:47,006 [INFO] IPUIPlugin:80 - create IPUIPlugin
2024-09-05 09:18:47,006 [INFO] PluginManager:220 - loadIPPluginJar : add gtzc
2024-09-05 09:18:47,007 [INFO] IPUIPlugin:80 - create IPUIPlugin
2024-09-05 09:18:47,007 [INFO] PluginManager:220 - loadIPPluginJar : add hash
2024-09-05 09:18:47,008 [INFO] IPUIPlugin:80 - create IPUIPlugin
2024-09-05 09:18:47,008 [INFO] PluginManager:220 - loadIPPluginJar : add i2c
2024-09-05 09:18:47,009 [INFO] IPUIPlugin:80 - create IPUIPlugin
2024-09-05 09:18:47,009 [INFO] PluginManager:220 - loadIPPluginJar : add i2s
2024-09-05 09:18:47,010 [INFO] IPUIPlugin:80 - create IPUIPlugin
2024-09-05 09:18:47,010 [INFO] PluginManager:220 - loadIPPluginJar : add i3c
2024-09-05 09:18:47,011 [INFO] IPUIPlugin:80 - create IPUIPlugin
2024-09-05 09:18:47,011 [INFO] PluginManager:220 - loadIPPluginJar : add ipddr
2024-09-05 09:18:47,015 [INFO] IPUIPlugin:80 - create IPUIPlugin
2024-09-05 09:18:47,015 [INFO] PluginManager:220 - loadIPPluginJar : add linkedlist
2024-09-05 09:18:47,016 [INFO] IPUIPlugin:80 - create IPUIPlugin
2024-09-05 09:18:47,016 [INFO] PluginManager:220 - loadIPPluginJar : add lorawan
2024-09-05 09:18:47,017 [INFO] IPUIPlugin:80 - create IPUIPlugin
2024-09-05 09:18:47,017 [INFO] PluginManager:220 - loadIPPluginJar : add ltdc
2024-09-05 09:18:47,019 [INFO] IPUIPlugin:80 - create IPUIPlugin
2024-09-05 09:18:47,019 [INFO] PluginManager:220 - loadIPPluginJar : add mdma
2024-09-05 09:18:47,020 [INFO] IPUIPlugin:80 - create IPUIPlugin
2024-09-05 09:18:47,020 [INFO] PluginManager:220 - loadIPPluginJar : add nvic
2024-09-05 09:18:47,021 [INFO] IPUIPlugin:80 - create IPUIPlugin
2024-09-05 09:18:47,021 [INFO] PluginManager:220 - loadIPPluginJar : add opamp
2024-09-05 09:18:47,023 [INFO] IPUIPlugin:80 - create IPUIPlugin
2024-09-05 09:18:47,023 [INFO] PluginManager:220 - loadIPPluginJar : add openamp
2024-09-05 09:18:47,024 [INFO] IPUIPlugin:80 - create IPUIPlugin
2024-09-05 09:18:47,024 [INFO] PluginManager:220 - loadIPPluginJar : add pdm2pcm
2024-09-05 09:18:47,026 [INFO] IPUIPlugin:80 - create IPUIPlugin
2024-09-05 09:18:47,027 [INFO] PluginManager:220 - loadIPPluginJar : add plateformsettings
2024-09-05 09:18:47,028 [INFO] IPUIPlugin:80 - create IPUIPlugin
2024-09-05 09:18:47,028 [INFO] PluginManager:220 - loadIPPluginJar : add quadspi
2024-09-05 09:18:47,028 [INFO] IPUIPlugin:80 - create IPUIPlugin
2024-09-05 09:18:47,029 [INFO] PluginManager:220 - loadIPPluginJar : add radio
2024-09-05 09:18:47,030 [INFO] IPUIPlugin:80 - create IPUIPlugin
2024-09-05 09:18:47,030 [INFO] PluginManager:220 - loadIPPluginJar : add resmgrutility
2024-09-05 09:18:47,031 [INFO] IPUIPlugin:80 - create IPUIPlugin
2024-09-05 09:18:47,031 [INFO] PluginManager:220 - loadIPPluginJar : add sai
2024-09-05 09:18:47,032 [INFO] IPUIPlugin:80 - create IPUIPlugin
2024-09-05 09:18:47,032 [INFO] PluginManager:220 - loadIPPluginJar : add spi
2024-09-05 09:18:47,034 [INFO] IPUIPlugin:80 - create IPUIPlugin
2024-09-05 09:18:47,034 [INFO] PluginManager:220 - loadIPPluginJar : add stm32_wpan
2024-09-05 09:18:47,035 [INFO] IPUIPlugin:80 - create IPUIPlugin
2024-09-05 09:18:47,035 [INFO] PluginManager:220 - loadIPPluginJar : add tim
2024-09-05 09:18:47,036 [INFO] IPUIPlugin:80 - create IPUIPlugin
2024-09-05 09:18:47,037 [INFO] PluginManager:220 - loadIPPluginJar : add touchsensing
2024-09-05 09:18:47,037 [INFO] IPUIPlugin:80 - create IPUIPlugin
2024-09-05 09:18:47,037 [INFO] PluginManager:220 - loadIPPluginJar : add tracer_emb
2024-09-05 09:18:47,038 [INFO] IPUIPlugin:80 - create IPUIPlugin
2024-09-05 09:18:47,038 [INFO] PluginManager:220 - loadIPPluginJar : add ts
2024-09-05 09:18:47,038 [INFO] IPUIPlugin:80 - create IPUIPlugin
2024-09-05 09:18:47,038 [INFO] PluginManager:220 - loadIPPluginJar : add tsc
2024-09-05 09:18:47,039 [INFO] IPUIPlugin:80 - create IPUIPlugin
2024-09-05 09:18:47,039 [INFO] PluginManager:220 - loadIPPluginJar : add ucpd
2024-09-05 09:18:47,040 [INFO] IPUIPlugin:80 - create IPUIPlugin
2024-09-05 09:18:47,040 [INFO] PluginManager:220 - loadIPPluginJar : add usart
2024-09-05 09:18:47,041 [INFO] IPUIPlugin:80 - create IPUIPlugin
2024-09-05 09:18:47,041 [INFO] PluginManager:220 - loadIPPluginJar : add usbx
2024-09-05 09:18:47,144 [INFO] CADModel:165 - CPN selected for project level
2024-09-05 09:18:47,144 [INFO] CADModel:114 - Register for checkConnection events
2024-09-05 09:18:47,144 [FATAL] Updater:334 - Updater called before beeing initialized
2024-09-05 09:18:47,144 [ERROR] CADModel:125 - Updater not yet initialized, retry later 
2024-09-05 09:18:47,199 [INFO] CADModel:165 - CPN selected for project level
2024-09-05 09:18:47,199 [INFO] CADModel:114 - Register for checkConnection events
2024-09-05 09:18:47,199 [FATAL] Updater:334 - Updater called before beeing initialized
2024-09-05 09:18:47,199 [ERROR] CADModel:125 - Updater not yet initialized, retry later 
2024-09-05 09:18:47,201 [FATAL] Updater:334 - Updater called before beeing initialized
2024-09-05 09:18:47,253 [FATAL] Updater:334 - Updater called before beeing initialized
2024-09-05 09:18:47,257 [INFO] DbMcusAds:53 - JSON generation date=Thu May 16 02:22:00 PDT 2024 (1715851320667)
2024-09-05 09:18:47,257 [FATAL] Updater:334 - Updater called before beeing initialized
2024-09-05 09:18:47,275 [WARN] DetailPanel:346 - Failed to get advertising image, set to default
2024-09-05 09:18:47,325 [FATAL] Updater:334 - Updater called before beeing initialized
2024-09-05 09:18:47,326 [FATAL] Updater:334 - Updater called before beeing initialized
2024-09-05 09:18:47,326 [FATAL] Updater:334 - Updater called before beeing initialized
2024-09-05 09:18:47,326 [WARN] DetailPanel:346 - Failed to get advertising image, set to default
2024-09-05 09:18:47,326 [FATAL] Updater:334 - Updater called before beeing initialized
2024-09-05 09:18:47,350 [ERROR] Updater:1164 - MainUpdater not yet initialized. External WinMGr cannot be set.
2024-09-05 09:18:47,351 [INFO] Updater:1100 - Updater Version found : 6.12.0
2024-09-05 09:18:47,360 [INFO] ApplicationProperties:184 - Using Application install path: D:\software\st\STM32CubeIDE_1.15.0\STM32CubeIDE\plugins\com.st.stm32cube.common.mx_6.12.0.202406281431
2024-09-05 09:18:48,923 [ERROR] LogOutputStream:75 - [STDERR_REDIRECT] Sep 05, 2024 9:18:48 AM java.util.prefs.WindowsPreferences <init>
2024-09-05 09:18:48,924 [ERROR] LogOutputStream:75 - [STDERR_REDIRECT] WARNING: Could not open/create prefs root node Software\JavaSoft\Prefs at root 0xffffffff80000002. Windows RegCreateKeyEx(...) returned error code 5.
2024-09-05 09:18:48,924 [ERROR] LogOutputStream:75 - [STDERR_REDIRECT] 
2024-09-05 09:18:49,202 [INFO] MainUpdater:2873 - connection check result : 10
2024-09-05 09:18:49,203 [INFO] MainUpdater:290 - Updater Check For Update Now.
2024-09-05 09:18:49,203 [INFO] MicroXplorer:498 - Change Database Version : DB.6.0.120
2024-09-05 09:18:49,206 [INFO] McuFinderGlobals:63 - Set McuFinder mode to 2 (CubeIDE integrated)
2024-09-05 09:18:49,206 [INFO] UserAuth:417 - Internet connection configuration mode: 1
2024-09-05 09:18:49,234 [INFO] JxBrowserEngine:152 - Initiate JxBrowser Engine with user profile folder
2024-09-05 09:18:49,362 [INFO] CheckServerUpdateThread:120 - End of CheckServer Thread
2024-09-05 09:18:49,630 [INFO] WebApp:167 - Instantiating new browser for Auth
2024-09-05 09:18:49,853 [WARN] PackLoader:240 - Cannot read IP mode file for STMicroelectronics.FP-SNS-MOTENVWB1.1.4.0
2024-09-05 09:18:49,860 [WARN] PackLoader:240 - Cannot read IP mode file for STMicroelectronics.X-CUBE-SMBUS.2.1.0
2024-09-05 09:18:49,866 [WARN] PackLoader:240 - Cannot read IP mode file for STMicroelectronics.X-CUBE-TOUCHGFX.4.23.1
2024-09-05 09:18:49,880 [WARN] PackLoader:240 - Cannot read IP mode file for STMicroelectronics.X-CUBE-AZRTOS-F7.1.1.0
2024-09-05 09:18:49,922 [WARN] PackLoader:240 - Cannot read IP mode file for STMicroelectronics.X-CUBE-MEMS1.11.0.0
2024-09-05 09:18:49,979 [WARN] PackLoader:240 - Cannot read IP mode file for STMicroelectronics.FP-SNS-FLIGHT1.5.0.2
2024-09-05 09:18:49,983 [WARN] PackLoader:240 - Cannot read IP mode file for STMicroelectronics.X-CUBE-DISPLAY.3.0.0
2024-09-05 09:18:49,989 [WARN] PackLoader:240 - Cannot read IP mode file for STMicroelectronics.X-CUBE-BLE1.7.0.0
2024-09-05 09:18:49,992 [WARN] PackLoader:240 - Cannot read IP mode file for emotas.I-CUBE-CANOPEN.1.3.0
2024-09-05 09:18:49,995 [WARN] PackLoader:240 - Cannot read IP mode file for STMicroelectronics.X-CUBE-BLEMGR.3.1.0
2024-09-05 09:18:49,999 [WARN] PackLoader:240 - Cannot read IP mode file for STMicroelectronics.FP-SNS-SMARTAG2.1.2.0
2024-09-05 09:18:50,003 [INFO] LogOutputStream:77 - [STDOUT_REDIRECT] 1 : Invalid condition id : UX_CORESTACK_Condition cause : null
2024-09-05 09:18:50,004 [INFO] LogOutputStream:77 - [STDOUT_REDIRECT] 1 : Invalid condition id : UX_CORESTACK_Condition cause : null
2024-09-05 09:18:50,005 [INFO] LogOutputStream:77 - [STDOUT_REDIRECT] 1 : Invalid condition id : UX_CORESTACK_Condition cause : null
2024-09-05 09:18:50,006 [INFO] LogOutputStream:77 - [STDOUT_REDIRECT] 1 : Invalid condition id : UX_CORESTACK_Condition cause : null
2024-09-05 09:18:50,007 [INFO] LogOutputStream:77 - [STDOUT_REDIRECT] 1 : Invalid condition id : UX_CORESTACK_Condition cause : null
2024-09-05 09:18:50,008 [WARN] PackLoader:240 - Cannot read IP mode file for STMicroelectronics.X-CUBE-AZRTOS-WL.2.0.0
2024-09-05 09:18:50,011 [WARN] PackLoader:240 - Cannot read IP mode file for STMicroelectronics.FP-SNS-MOTENV1.5.0.0
2024-09-05 09:18:50,020 [WARN] PackLoader:240 - Cannot read IP mode file for wolfSSL.I-CUBE-wolfMQTT.1.19.0
2024-09-05 09:18:50,027 [WARN] PackLoader:240 - Cannot read IP mode file for WES.I-CUBE-Cesium.1.3.0
2024-09-05 09:18:50,030 [WARN] PackLoader:240 - Cannot read IP mode file for STMicroelectronics.X-CUBE-BLE2.3.3.0
2024-09-05 09:18:50,033 [WARN] PackLoader:240 - Cannot read IP mode file for STMicroelectronics.X-CUBE-TCPP.4.1.0
2024-09-05 09:18:50,038 [WARN] PackLoader:240 - Cannot read IP mode file for STMicroelectronics.X-CUBE-ALGOBUILD.1.3.0
2024-09-05 09:18:50,053 [WARN] PackLoader:240 - Cannot read IP mode file for STMicroelectronics.X-CUBE-AZRTOS-G0.1.1.0
2024-09-05 09:18:50,058 [WARN] PackLoader:240 - Cannot read IP mode file for STMicroelectronics.X-CUBE-SAFEA1.1.2.2
2024-09-05 09:18:50,061 [WARN] PackLoader:240 - Cannot read IP mode file for STMicroelectronics.X-CUBE-NFC4.3.0.0
2024-09-05 09:18:50,068 [WARN] PackLoader:240 - Cannot read IP mode file for EmbeddedOffice.I-CUBE-FS-RTOS.1.0.1
2024-09-05 09:18:50,068 [ERROR] ConditionMgr:805 - Attr not supported : Dmpu
2024-09-05 09:18:50,068 [ERROR] ConditionMgr:805 - Attr not supported : Dmpu
2024-09-05 09:18:50,068 [ERROR] ConditionMgr:805 - Attr not supported : Dmpu
2024-09-05 09:18:50,068 [ERROR] ConditionMgr:805 - Attr not supported : Dmpu
2024-09-05 09:18:50,068 [ERROR] ConditionMgr:805 - Attr not supported : Dmpu
2024-09-05 09:18:50,068 [ERROR] ConditionMgr:805 - Attr not supported : Dmpu
2024-09-05 09:18:50,068 [ERROR] ConditionMgr:805 - Attr not supported : Dmpu
2024-09-05 09:18:50,068 [ERROR] ConditionMgr:805 - Attr not supported : Dmpu
2024-09-05 09:18:50,068 [ERROR] ConditionMgr:805 - Attr not supported : Dmpu
2024-09-05 09:18:50,068 [ERROR] ConditionMgr:805 - Attr not supported : Dmpu
2024-09-05 09:18:50,068 [ERROR] ConditionMgr:805 - Attr not supported : Dmpu
2024-09-05 09:18:50,068 [ERROR] ConditionMgr:805 - Attr not supported : Dmpu
2024-09-05 09:18:50,068 [ERROR] ConditionMgr:805 - Attr not supported : Dmpu
2024-09-05 09:18:50,068 [ERROR] ConditionMgr:805 - Attr not supported : Dmpu
2024-09-05 09:18:50,068 [ERROR] ConditionMgr:805 - Attr not supported : Dmpu
2024-09-05 09:18:50,068 [ERROR] ConditionMgr:805 - Attr not supported : Dmpu
2024-09-05 09:18:50,068 [ERROR] ConditionMgr:805 - Attr not supported : Dmpu
2024-09-05 09:18:50,068 [ERROR] ConditionMgr:805 - Attr not supported : Dmpu
2024-09-05 09:18:50,068 [ERROR] ConditionMgr:805 - Attr not supported : Dmpu
2024-09-05 09:18:50,068 [ERROR] ConditionMgr:805 - Attr not supported : Dmpu
2024-09-05 09:18:50,068 [ERROR] ConditionMgr:805 - Attr not supported : Dmpu
2024-09-05 09:18:50,068 [ERROR] ConditionMgr:805 - Attr not supported : Dmpu
2024-09-05 09:18:50,068 [ERROR] ConditionMgr:805 - Attr not supported : Dmpu
2024-09-05 09:18:50,068 [ERROR] ConditionMgr:805 - Attr not supported : Dmpu
2024-09-05 09:18:50,068 [ERROR] ConditionMgr:805 - Attr not supported : Dmpu
2024-09-05 09:18:50,068 [ERROR] ConditionMgr:805 - Attr not supported : Dmpu
2024-09-05 09:18:50,068 [ERROR] ConditionMgr:805 - Attr not supported : Dmpu
2024-09-05 09:18:50,068 [ERROR] ConditionMgr:805 - Attr not supported : Dmpu
2024-09-05 09:18:50,069 [ERROR] ConditionMgr:805 - Attr not supported : Dmpu
2024-09-05 09:18:50,069 [ERROR] ConditionMgr:805 - Attr not supported : Dmpu
2024-09-05 09:18:50,069 [ERROR] ConditionMgr:805 - Attr not supported : Dmpu
2024-09-05 09:18:50,069 [ERROR] ConditionMgr:805 - Attr not supported : Dmpu
2024-09-05 09:18:50,069 [ERROR] ConditionMgr:805 - Attr not supported : Dmpu
2024-09-05 09:18:50,069 [ERROR] ConditionMgr:805 - Attr not supported : Dmpu
2024-09-05 09:18:50,069 [ERROR] ConditionMgr:805 - Attr not supported : Dmpu
2024-09-05 09:18:50,069 [ERROR] ConditionMgr:805 - Attr not supported : Dmpu
2024-09-05 09:18:50,069 [ERROR] ConditionMgr:805 - Attr not supported : Dmpu
2024-09-05 09:18:50,069 [ERROR] ConditionMgr:805 - Attr not supported : Dmpu
2024-09-05 09:18:50,069 [ERROR] ConditionMgr:805 - Attr not supported : Dmpu
2024-09-05 09:18:50,069 [ERROR] ConditionMgr:805 - Attr not supported : Dmpu
2024-09-05 09:18:50,069 [ERROR] ConditionMgr:805 - Attr not supported : Dmpu
2024-09-05 09:18:50,069 [ERROR] ConditionMgr:805 - Attr not supported : Dmpu
2024-09-05 09:18:50,069 [ERROR] ConditionMgr:805 - Attr not supported : Dmpu
2024-09-05 09:18:50,069 [ERROR] ConditionMgr:805 - Attr not supported : Dmpu
2024-09-05 09:18:50,069 [ERROR] ConditionMgr:805 - Attr not supported : Dmpu
2024-09-05 09:18:50,069 [ERROR] ConditionMgr:805 - Attr not supported : Dmpu
2024-09-05 09:18:50,069 [ERROR] ConditionMgr:805 - Attr not supported : Dmpu
2024-09-05 09:18:50,069 [ERROR] ConditionMgr:805 - Attr not supported : Dmpu
2024-09-05 09:18:50,069 [ERROR] ConditionMgr:805 - Attr not supported : Dmpu
2024-09-05 09:18:50,069 [ERROR] ConditionMgr:805 - Attr not supported : Dmpu
2024-09-05 09:18:50,069 [ERROR] ConditionMgr:805 - Attr not supported : Dmpu
2024-09-05 09:18:50,069 [ERROR] ConditionMgr:805 - Attr not supported : Dmpu
2024-09-05 09:18:50,069 [ERROR] ConditionMgr:805 - Attr not supported : Dmpu
2024-09-05 09:18:50,069 [ERROR] ConditionMgr:805 - Attr not supported : Dmpu
2024-09-05 09:18:50,069 [ERROR] ConditionMgr:805 - Attr not supported : Dmpu
2024-09-05 09:18:50,069 [ERROR] ConditionMgr:805 - Attr not supported : Dmpu
2024-09-05 09:18:50,069 [ERROR] ConditionMgr:805 - Attr not supported : Dmpu
2024-09-05 09:18:50,069 [ERROR] ConditionMgr:805 - Attr not supported : Dmpu
2024-09-05 09:18:50,069 [ERROR] ConditionMgr:805 - Attr not supported : Dmpu
2024-09-05 09:18:50,069 [ERROR] ConditionMgr:805 - Attr not supported : Dmpu
2024-09-05 09:18:50,069 [ERROR] ConditionMgr:805 - Attr not supported : Dmpu
2024-09-05 09:18:50,069 [ERROR] ConditionMgr:805 - Attr not supported : Dmpu
2024-09-05 09:18:50,069 [ERROR] ConditionMgr:805 - Attr not supported : Dmpu
2024-09-05 09:18:50,069 [ERROR] ConditionMgr:805 - Attr not supported : Dmpu
2024-09-05 09:18:50,072 [WARN] PackLoader:240 - Cannot read IP mode file for RealThread.X-CUBE-RT-Thread_Nano.4.1.1
2024-09-05 09:18:50,074 [WARN] PackLoader:240 - Cannot read IP mode file for wolfSSL.I-CUBE-wolfSSL.5.7.0
2024-09-05 09:18:50,076 [WARN] PackLoader:240 - Cannot read IP mode file for STMicroelectronics.FP-ATR-SIGFOX1.3.2.0
2024-09-05 09:18:50,079 [WARN] PackLoader:240 - Cannot read IP mode file for STMicroelectronics.X-CUBE-EEPRMA1.5.1.0
2024-09-05 09:18:50,083 [WARN] PackLoader:240 - Cannot read IP mode file for ITTIA_DB.I-CUBE-ITTIADB.8.9.0
2024-09-05 09:18:50,098 [WARN] PackLoader:240 - Cannot read IP mode file for SEGGER.I-CUBE-embOS.1.3.1
2024-09-05 09:18:50,119 [WARN] PackLoader:240 - Cannot read IP mode file for STMicroelectronics.X-CUBE-ALGOBUILD.1.4.0
2024-09-05 09:18:50,121 [WARN] PackLoader:240 - Cannot read IP mode file for STMicroelectronics.X-CUBE-GNSS1.6.0.0
2024-09-05 09:18:50,127 [WARN] PackLoader:240 - Cannot read IP mode file for STMicroelectronics.X-CUBE-AZRTOS-F4.1.1.0
2024-09-05 09:18:50,131 [WARN] PackLoader:240 - Cannot read IP mode file for STMicroelectronics.X-CUBE-FREERTOS.1.2.0
2024-09-05 09:18:50,139 [WARN] PackLoader:240 - Cannot read IP mode file for STMicroelectronics.X-CUBE-AZRTOS-L5.2.0.0
2024-09-05 09:18:50,143 [WARN] PackLoader:240 - Cannot read IP mode file for STMicroelectronics.X-CUBE-NFC6.3.1.0
2024-09-05 09:18:50,146 [WARN] PackLoader:240 - Cannot read IP mode file for STMicroelectronics.X-CUBE-DPower.1.2.0
2024-09-05 09:18:50,149 [WARN] PackLoader:240 - Cannot read IP mode file for STMicroelectronics.X-CUBE-AI.9.0.0
2024-09-05 09:18:50,151 [WARN] PackLoader:240 - Cannot read IP mode file for STMicroelectronics.X-CUBE-NFC7.1.0.1
2024-09-05 09:18:50,153 [WARN] PackLoader:240 - Cannot read IP mode file for STMicroelectronics.X-CUBE-AI.8.1.0
2024-09-05 09:18:50,159 [WARN] ConditionMgr:438 - getConditionDescription Invalid condition id : LAN8742 Phy interface Condition cause : null
2024-09-05 09:18:50,160 [WARN] PackLoader:240 - Cannot read IP mode file for STMicroelectronics.X-CUBE-AZRTOS-L4.2.0.0
2024-09-05 09:18:50,160 [WARN] ConditionMgr:1039 - genDependencies : Invalid condition id : LAN8742 Phy interface Condition cause : null
2024-09-05 09:18:50,160 [WARN] ConditionMgr:1039 - genDependencies : Invalid condition id : LAN8742 Phy interface Condition cause : null
2024-09-05 09:18:50,160 [WARN] ConditionMgr:1039 - genDependencies : Invalid condition id : LAN8742 Phy interface Condition cause : null
2024-09-05 09:18:50,164 [WARN] PackLoader:240 - Cannot read IP mode file for STMicroelectronics.X-CUBE-SFXS2LP1.4.0.0
2024-09-05 09:18:50,172 [WARN] PackLoader:240 - Cannot read IP mode file for STMicroelectronics.X-CUBE-AZRTOS-H7.3.3.0
2024-09-05 09:18:50,178 [WARN] ConditionMgr:438 - getConditionDescription Invalid condition id : UX DEVICE CLASS RTOS Condition cause : null
2024-09-05 09:18:50,178 [WARN] ConditionMgr:438 - getConditionDescription Invalid condition id : UX DEVICE CLASS RTOS Condition cause : null
2024-09-05 09:18:50,178 [WARN] PackLoader:240 - Cannot read IP mode file for STMicroelectronics.X-CUBE-AZRTOS-WB.2.0.0
2024-09-05 09:18:50,179 [WARN] ConditionMgr:1039 - genDependencies : Invalid condition id : UX DEVICE CLASS RTOS Condition cause : null
2024-09-05 09:18:50,179 [WARN] ConditionMgr:1039 - genDependencies : Invalid condition id : UX DEVICE CLASS RTOS Condition cause : null
2024-09-05 09:18:50,179 [WARN] ConditionMgr:1039 - genDependencies : Invalid condition id : UX DEVICE CLASS RTOS Condition cause : null
2024-09-05 09:18:50,179 [WARN] ConditionMgr:1039 - genDependencies : Invalid condition id : UX DEVICE CLASS RTOS Condition cause : null
2024-09-05 09:18:50,179 [WARN] ConditionMgr:1039 - genDependencies : Invalid condition id : UX DEVICE CLASS RTOS Condition cause : null
2024-09-05 09:18:50,182 [WARN] PackLoader:240 - Cannot read IP mode file for STMicroelectronics.FP-SNS-STBOX1.2.0.0
2024-09-05 09:18:50,188 [WARN] PackLoader:240 - Cannot read IP mode file for STMicroelectronics.X-CUBE-SUBG2.5.0.0
2024-09-05 09:18:50,191 [WARN] PackLoader:240 - Cannot read IP mode file for Cesanta.I-CUBE-Mongoose.7.13.0
2024-09-05 09:18:50,197 [WARN] PackLoader:240 - Cannot read IP mode file for STMicroelectronics.X-CUBE-AZRTOS-G4.2.0.0
2024-09-05 09:18:50,199 [WARN] PackLoader:240 - Cannot read IP mode file for STMicroelectronics.FP-SNS-MOTENVWB1.1.3.1
2024-09-05 09:18:50,202 [WARN] PackLoader:240 - Cannot read IP mode file for STMicroelectronics.X-CUBE-ISPU.2.0.0
2024-09-05 09:18:50,204 [WARN] PackLoader:240 - Cannot read IP mode file for STMicroelectronics.X-CUBE-ALS.1.0.2
2024-09-05 09:18:50,217 [WARN] PackLoader:240 - Cannot read IP mode file for STMicroelectronics.X-CUBE-MEMS1.10.0.0
2024-09-05 09:18:50,309 [WARN] PackLoader:240 - Cannot read IP mode file for STMicroelectronics.X-CUBE-FREERTOS.1.1.0
2024-09-05 09:18:50,313 [WARN] PackLoader:240 - Cannot read IP mode file for STMicroelectronics.X-CUBE-TOUCHGFX.4.24.0
2024-09-05 09:18:50,319 [WARN] PackLoader:240 - Cannot read IP mode file for wolfSSL.I-CUBE-wolfTPM.3.4.0
2024-09-05 09:18:50,322 [WARN] PackLoader:240 - Cannot read IP mode file for portGmbH.I-Cube-SoM-uGOAL.1.1.0
2024-09-05 09:18:50,325 [WARN] PackLoader:240 - Cannot read IP mode file for STMicroelectronics.X-CUBE-ALS.1.0.1
2024-09-05 09:18:50,335 [WARN] PackLoader:240 - Cannot read IP mode file for STMicroelectronics.X-CUBE-AZRTOS-H7RS.1.0.0
2024-09-05 09:18:50,345 [WARN] PackLoader:240 - Cannot read IP mode file for STMicroelectronics.FP-ATR-ASTRA1.2.0.0
2024-09-05 09:18:50,350 [WARN] PackLoader:240 - Cannot read IP mode file for STMicroelectronics.X-CUBE-TOF1.3.4.2
2024-09-05 09:18:50,360 [WARN] PackLoader:240 - Cannot read IP mode file for STMicroelectronics.X-CUBE-TOF1.3.4.1
2024-09-05 09:18:50,376 [INFO] WebApp:448 - Apply proxy settings
2024-09-05 09:18:50,376 [INFO] WebApp:533 - Chromium requires no authentication
2024-09-05 09:18:50,383 [WARN] PackLoader:240 - Cannot read IP mode file for STMicroelectronics.X-CUBE-AZRTOS-H7.3.2.0
2024-09-05 09:18:50,391 [WARN] PackLoader:240 - Cannot read IP mode file for Infineon.AIROC-Wi-Fi-Bluetooth-STM32.1.6.0
2024-09-05 09:18:50,401 [INFO] WebApp:476 - Direct internet connection detected
2024-09-05 09:18:50,402 [WARN] PackLoader:240 - Cannot read IP mode file for wolfSSL.I-CUBE-wolfSSH.1.4.17
2024-09-05 09:18:50,402 [INFO] ThirdParty:978 - Integrity check success = true
2024-09-05 09:18:50,402 [INFO] IntegrityCheckThread:100 - exiting critical section [integrity check]
2024-09-05 09:18:50,402 [INFO] IntegrityCheckThread:103 - End integrity checks thread
2024-09-05 09:18:50,459 [INFO] WebApp:869 - Register for checkConnection events
2024-09-05 09:18:50,459 [INFO] WebApp:448 - Apply proxy settings
2024-09-05 09:18:50,460 [INFO] WebApp:533 - Chromium requires no authentication
2024-09-05 09:18:50,460 [INFO] WebApp:476 - Direct internet connection detected
2024-09-05 09:18:50,659 [INFO] WebApp:186 - Connection restablished
2024-09-05 09:18:50,791 [INFO] WebApp:220 - Starting web application
2024-09-05 09:18:50,791 [INFO] WebApp:578 - Web application path used D:\software\st\STM32CubeIDE_1.15.0\STM32CubeIDE\plugins\com.st.stm32cube.common.mx_6.12.0.202406281431\db\plugins\mcufinder\reactClient1\index.html
2024-09-05 09:18:50,843 [INFO] UserAuth:417 - Internet connection configuration mode: 1
2024-09-05 09:19:44,883 [INFO] McuFinderGlobals:63 - Set McuFinder mode to 2 (CubeIDE integrated)
2024-09-05 09:19:48,206 [INFO] MainUpdater:2873 - connection check result : 10
2024-09-05 09:19:48,207 [INFO] MainUpdater:2873 - connection check result : 10
2024-09-05 09:19:48,272 [INFO] RulesReader:64 - Compatibility file has been processed (297 Rules)
2024-09-05 09:19:48,277 [INFO] RulesReader:64 - Compatibility file has been processed (297 Rules)
2024-09-05 09:19:48,279 [INFO] MicroXplorer:468 - Change Database Path : 
2024-09-05 09:19:48,279 [INFO] MicroXplorer:498 - Change Database Version : DB.6.0.120
2024-09-05 09:19:48,283 [WARN] ThirdParty:871 - waiting for thirdparty lock release [close project]
2024-09-05 09:19:48,283 [INFO] ThirdParty:873 - entering critical section [close project]
2024-09-05 09:19:48,284 [INFO] ThirdParty:883 - exiting critical section [close project]
2024-09-05 09:19:48,286 [INFO] PinOutPanel:1561 - setPackage(No Configuration,No Configuration)
2024-09-05 09:19:48,288 [INFO] UtilMem:75 - Begin LoadConfig() Used Memory: 665557344 Bytes (802160640)
2024-09-05 09:19:48,290 [INFO] MicroXplorer:468 - Change Database Path : 
2024-09-05 09:19:48,290 [INFO] MicroXplorer:498 - Change Database Version : DB.6.0.120
2024-09-05 09:19:48,290 [INFO] OpenFileManager:332 - Change cursor
2024-09-05 09:19:48,302 [INFO] Mcu:2032 - Initializing MCU STM32F405RGTx STM32F405RGTx STM32F405RGT6
2024-09-05 09:19:49,150 [INFO] Context:742 - Trying to add GPIOservice into a context  which must be forbidden
2024-09-05 09:19:49,504 [INFO] RtosManager:555 - Registered RTOS mode: class=CMSIS, group=RTOS, mode=CMSIS_V1, owner=FREERTOS
2024-09-05 09:19:49,504 [INFO] RtosManager:555 - Registered RTOS mode: class=CMSIS, group=RTOS2, mode=CMSIS_V2, owner=FREERTOS
2024-09-05 09:19:49,504 [INFO] RtosManager:555 - Registered RTOS mode: class=RTOS, group=Core, mode=CMSIS_V1, owner=FREERTOS
2024-09-05 09:19:49,504 [INFO] RtosManager:555 - Registered RTOS mode: class=RTOS, group=Core, mode=CMSIS_V2, owner=FREERTOS
2024-09-05 09:19:49,504 [WARN] ModelIntegratedComponent:184 - Missing modes for component STMicroelectronics:FreeRTOS:0.0.1:STMicroelectronics:RTOS:FreeRTOS:Core:::10.2.0:
2024-09-05 09:19:49,514 [WARN] ModelIntegratedComponent:63 - No mode defined for component null
2024-09-05 09:19:49,514 [WARN] ModelIntegratedComponent:63 - No mode defined for component null
2024-09-05 09:19:49,514 [WARN] ModelIntegratedComponent:63 - No mode defined for component null
2024-09-05 09:19:49,514 [WARN] ModelIntegratedComponent:63 - No mode defined for component null
2024-09-05 09:19:49,514 [WARN] ModelIntegratedComponent:63 - No mode defined for component null
2024-09-05 09:19:49,514 [WARN] ModelIntegratedComponent:63 - No mode defined for component null
2024-09-05 09:19:49,514 [WARN] ModelIntegratedComponent:63 - No mode defined for component null
2024-09-05 09:19:49,514 [WARN] ModelIntegratedComponent:63 - No mode defined for component null
2024-09-05 09:19:49,514 [WARN] ModelIntegratedComponent:63 - No mode defined for component null
2024-09-05 09:19:49,514 [WARN] ModelIntegratedComponent:63 - No mode defined for component null
2024-09-05 09:19:49,514 [WARN] ModelIntegratedComponent:63 - No mode defined for component null
2024-09-05 09:19:49,514 [WARN] ModelIntegratedComponent:63 - No mode defined for component null
2024-09-05 09:19:49,514 [WARN] ModelIntegratedComponent:63 - No mode defined for component null
2024-09-05 09:19:49,514 [WARN] ModelIntegratedComponent:63 - No mode defined for component null
2024-09-05 09:19:49,514 [WARN] ModelIntegratedComponent:63 - No mode defined for component null
2024-09-05 09:19:49,514 [WARN] ModelIntegratedComponent:63 - No mode defined for component null
2024-09-05 09:19:49,515 [WARN] ModelIntegratedComponent:63 - No mode defined for component null
2024-09-05 09:19:49,515 [WARN] ModelIntegratedComponent:63 - No mode defined for component null
2024-09-05 09:19:49,515 [WARN] ModelIntegratedComponent:63 - No mode defined for component null
2024-09-05 09:19:49,515 [WARN] ModelIntegratedComponent:63 - No mode defined for component null
2024-09-05 09:19:49,515 [WARN] ModelIntegratedComponent:63 - No mode defined for component null
2024-09-05 09:19:49,515 [WARN] ModelIntegratedComponent:63 - No mode defined for component null
2024-09-05 09:19:49,515 [WARN] ModelIntegratedComponent:63 - No mode defined for component null
2024-09-05 09:19:49,515 [WARN] ModelIntegratedComponent:63 - No mode defined for component null
2024-09-05 09:19:49,515 [WARN] ModelIntegratedComponent:63 - No mode defined for component null
2024-09-05 09:19:49,515 [WARN] ModelIntegratedComponent:63 - No mode defined for component null
2024-09-05 09:19:49,515 [WARN] ModelIntegratedComponent:63 - No mode defined for component null
2024-09-05 09:19:49,515 [WARN] ModelIntegratedComponent:63 - No mode defined for component null
2024-09-05 09:19:49,515 [WARN] ModelIntegratedComponent:63 - No mode defined for component null
2024-09-05 09:19:49,515 [WARN] ModelIntegratedComponent:63 - No mode defined for component null
2024-09-05 09:19:49,515 [WARN] ModelIntegratedComponent:63 - No mode defined for component null
2024-09-05 09:19:49,515 [WARN] ModelIntegratedComponent:63 - No mode defined for component null
2024-09-05 09:19:49,515 [WARN] ModelIntegratedComponent:63 - No mode defined for component null
2024-09-05 09:19:49,515 [WARN] ModelIntegratedComponent:63 - No mode defined for component null
2024-09-05 09:19:49,515 [WARN] ModelIntegratedComponent:63 - No mode defined for component null
2024-09-05 09:19:49,515 [WARN] ModelPack:524 - Component already loaded: STMicroelectronics:HAL Drivers:0.0.0:STMicroelectronics:Device:STMicro_Driver:XSPI:HAL::0.0.1:HAL_XSPI
2024-09-05 09:19:49,560 [INFO] ThirdPartyModel:298 - Start build external matchings
2024-09-05 09:19:49,790 [INFO] ThirdPartyModel:316 - End build external matchings
2024-09-05 09:19:49,799 [INFO] RtosManager:919 - Current active RTOS is FREERTOS [Cortex-M4NS]
2024-09-05 09:19:49,805 [INFO] ImportTextPane:205 - (OptionalMessage_ERROR) IP (RCC) : Parameter (RTCHSEDivFreq_Value) has invalid value (4000000)
2024-09-05 09:19:49,806 [WARN] IP:2191 - DEVICE_SERIAL0_CUSTOM_HID_HS not found: check if there is a RefParameter without a condition.
2024-09-05 09:19:49,806 [WARN] IP:2191 - DEVICE_SERIAL1_CUSTOM_HID_HS not found: check if there is a RefParameter without a condition.
2024-09-05 09:19:49,806 [WARN] IP:2191 - DEVICE_SERIAL2_CUSTOM_HID_HS not found: check if there is a RefParameter without a condition.
2024-09-05 09:19:50,009 [INFO] ApiDb:581 - Connected to CubeFinder SQLite database (C:\Users\bashk\.stmcufinder\plugins\mcufinder\mcu\cube-finder-db.db)
2024-09-05 09:19:50,041 [INFO] ApiDb:668 - CubeFinder database Data Model version=2.1
2024-09-05 09:19:50,041 [INFO] ApiDb:669 - CubeFinder database Configuration version=3.0.39
2024-09-05 09:19:50,041 [INFO] ApiDb:670 - CubeFinder database generation date=2024-06-20 (1718880634)
2024-09-05 09:19:50,041 [INFO] ApiDb:671 - CubeFinder database FW Pack versions=[FP-ATR-ASTRA1_V2.0.0, FP-SNS-FLIGHT1_V5.0.2, FP-SNS-MOTENV1_V5.0.0, FP-SNS-MOTENVWB1_V1.4.0, FP-SNS-SMARTAG2_V1.2.0, STM32Cube_FW_C0_V1.2.0, STM32Cube_FW_F4_V1.28.0, STM32Cube_FW_F7_V1.17.2, STM32Cube_FW_G0_V1.6.2, STM32Cube_FW_G4_V1.6.0, STM32Cube_FW_H5_V1.3.0, STM32Cube_FW_H7RS_V1.1.0, STM32Cube_FW_H7_V1.11.2, STM32Cube_FW_L0_V1.12.2, STM32Cube_FW_L5_V1.5.1, STM32Cube_FW_U0_V1.1.0, STM32Cube_FW_U5_V1.6.0, STM32Cube_FW_WB0_V1.0.0, STM32Cube_FW_WBA_V1.4.0, STM32Cube_FW_WB_V1.20.0, STM32Cube_FW_WL_V1.3.0, X-CUBE-ALGOBUILD_V1.4.0, X-CUBE-ALS_V1.0.2, X-CUBE-AZRTOS-F4_V1.1.0, X-CUBE-AZRTOS-F7_V1.1.0, X-CUBE-AZRTOS-G0_V1.1.0, X-CUBE-AZRTOS-G4_V2.0.0, X-CUBE-AZRTOS-H7RS_V1.0.0, X-CUBE-AZRTOS-H7_V3.2.0, X-CUBE-AZRTOS-L4_V2.0.0, X-CUBE-AZRTOS-L5_V1.1.0, X-CUBE-AZRTOS-WB_V2.0.0, X-CUBE-AZRTOS-WL_V2.0.0, X-CUBE-BLE1_V7.0.0, X-CUBE-BLE2_V3.3.0, X-CUBE-BLEMGR_V3.1.0, X-CUBE-EEPRMA1_V5.1.0, X-CUBE-FREERTOS_V1.2.0, X-CUBE-GNSS1_V6.0.0, X-CUBE-MEMS1_V10.0.0, X-CUBE-NFC4_V3.0.0, X-CUBE-NFC7_V1.0.1, X-CUBE-SFXS2LP1_V4.0.0, X-CUBE-SUBG2_V5.0.0, X-CUBE-TOF1_V3.4.1]
2024-09-05 09:19:50,075 [INFO] DbBoardsSqlite:226 - include board P-NUCLEO-WB55-NUCLEO as a kit item of type 'Nucleo-64'
2024-09-05 09:19:50,075 [INFO] DbBoardsSqlite:226 - include board P-NUCLEO-WB55-USBDONGLE as a kit item of type 'Nucleo USB Dongle'
2024-09-05 09:19:50,075 [INFO] DbBoardsSqlite:226 - include board STEVAL-IDP005V1 as a kit item of type 'Evaluation Board'
2024-09-05 09:19:50,075 [INFO] DbBoardsSqlite:226 - include board STEVAL-IDP005V2 as a kit item of type 'Evaluation Board'
2024-09-05 09:19:50,102 [INFO] ApiDb:240 - Found 646 in-development CPN: [B-G473E-ZEST1S, B-WB1M-WPAN1, B-WL5M-SUBG1, NUCLEO-C031C6, NUCLEO-C071RB, NUCLEO-H503RB, NUCLEO-H533RE, NUCLEO-H563ZI, NUCLEO-H7S3L8, NUCLEO-U031R8, NUCLEO-U083RC, NUCLEO-U545RE-Q, NUCLEO-U5A5ZJ-Q, NUCLEO-WB05KZ, NUCLEO-WB07CC, NUCLEO-WB09KE, NUCLEO-WBA52CG, NUCLEO-WBA55CG, STEVAL-PROTEUS1, STEVAL-SMARTAG2, STEVAL-STWINBX1, STM320518-EVAL, STM32C0116-DK, STM32C011D6Y3TR, STM32C011D6Y6TR, STM32C011F4P3, STM32C011F4P6, STM32C011F4U3, STM32C011F4U6TR, STM32C011F6P3, STM32C011F6P6, STM32C011F6U3, STM32C011F6U6TR, STM32C011J4M3, STM32C011J4M6, STM32C011J6M3, STM32C011J6M6, STM32C0316-DK, STM32C031C4T3, STM32C031C4T6, STM32C031C4U3, STM32C031C4U6, STM32C031C6T3, STM32C031C6T6, STM32C031C6U3, STM32C031C6U6, STM32C031F4P3, STM32C031F4P6, STM32C031F6P3, STM32C031F6P6, STM32C031G4U3, STM32C031G4U6, STM32C031G6U3, STM32C031G6U6, STM32C031K4T3, STM32C031K4T6, STM32C031K4U3, STM32C031K4U6, STM32C031K6T3, STM32C031K6T6, STM32C031K6U3, STM32C031K6U6, STM32C071C8T6, STM32C071C8T6N, STM32C071C8U6, STM32C071C8U6N, STM32C071CBT6, STM32C071CBT6N, STM32C071CBU6, STM32C071CBU6N, STM32C071F8P6, STM32C071F8P6N, STM32C071FBP6, STM32C071FBP6N, STM32C071FBY6TR, STM32C071G8U6, STM32C071G8U6N, STM32C071GBU6, STM32C071GBU6N, STM32C071K8T6, STM32C071K8T6N, STM32C071K8U6, STM32C071K8U6N, STM32C071KBT6, STM32C071KBT6N, STM32C071KBU6, STM32C071KBU6N, STM32C071R8T6, STM32C071R8T6N, STM32C071RBI6N, STM32C071RBT6, STM32C071RBT6N, STM32G071K8TXN, STM32G071K8UXN, STM32G081GBU6N, STM32G081KBT6N, STM32G081KBUXN, STM32G0B1CCT6N, STM32G0B1KCT6, STM32G0B1NEY6TR, STM32G0B1RCT6N, STM32G0C1CCT6, STM32G0C1CCT6N, STM32G0C1CCU6N, STM32G0C1CET6N, STM32G0C1CEU6N, STM32G0C1KCT6, STM32G0C1NEY6TR, STM32G0C1RCI6N, STM32G0C1RCT6N, STM32G0C1REI6N, STM32G0C1RET6N, STM32G0C1VCI6, STM32G0C1VEI6, STM32G411C6T3, STM32G411C6T6, STM32G411C6U3, STM32G411C6U6, STM32G411C8T3, STM32G411C8T6, STM32G411C8U3, STM32G411C8U6, STM32G411CBT3, STM32G411CBT6, STM32G411CBU3, STM32G411CBU6, STM32G411K6T3, STM32G411K6T6, STM32G411K6U3, STM32G411K6U6, STM32G411K8T3, STM32G411K8T6, STM32G411K8U3, STM32G411K8U6, STM32G411KBT3, STM32G411KBT6, STM32G411KBU3, STM32G411KBU6, STM32G411M6T3, STM32G411M6T6, STM32G411M8T3, STM32G411M8T6, STM32G411MBT3, STM32G411MBT6, STM32G411R6T3, STM32G411R6T6, STM32G411R8T3, STM32G411R8T6, STM32G411RBT3, STM32G411RBT6, STM32G414CBT3, STM32G414CBT6, STM32G414CBU3, STM32G414CBU6, STM32G414CCT3, STM32G414CCT6, STM32G414CCU3, STM32G414CCU6, STM32G414MBT3, STM32G414MBT6, STM32G414MCT3, STM32G414MCT6, STM32G414RBT3, STM32G414RBT6, STM32G414RCT3, STM32G414RCT6, STM32G414VBT3, STM32G414VBT6, STM32G414VCT3, STM32G414VCT6, STM32G431CBT3Z, STM32G431RBT3Z, STM32G471CCT6, STM32G471CCU6, STM32G471CET3, STM32G471CET6, STM32G471CEU3, STM32G471CEU6, STM32G471MCT6, STM32G471MET3, STM32G471MET6, STM32G471MEY6TR, STM32G471QCT6, STM32G471QET3, STM32G471RCT6, STM32G471RET3, STM32G471RET6, STM32G471VCH6, STM32G471VCI6, STM32G471VCT6, STM32G471VEH3, STM32G471VEH6, STM32G471VEI3, STM32G471VEI6, STM32G471VET3, STM32G471VET6, STM32G473QET3Z, STM32G473RET3Z, STM32G474CCT6, STM32G491RET3Z, STM32H503CBT6, STM32H503CBU6, STM32H503EBY6TR, STM32H503KBU6, STM32H503RBT6, STM32H523CCT6, STM32H523CCU6, STM32H523CET6, STM32H523CEU6, STM32H523HEY6TR, STM32H523RCT6, STM32H523RET6, STM32H523VCI6, STM32H523VCT6, STM32H523VEI6, STM32H523VET6, STM32H523ZCJ6, STM32H523ZCT6, STM32H523ZEJ6, STM32H523ZET6, STM32H533CET6, STM32H533CEU6, STM32H533HEY6TR, STM32H533RET6, STM32H533VEI6, STM32H533VET6, STM32H533ZEJ6, STM32H533ZET6, STM32H562AGI6, STM32H562AII6, STM32H562IGK6, STM32H562IGT6, STM32H562IIK6, STM32H562IIT6, STM32H562RGT6, STM32H562RGV6, STM32H562RIT6, STM32H562RIV6, STM32H562VGT6, STM32H562VIT6, STM32H562ZGT6, STM32H562ZIT6, STM32H563AGI6, STM32H563AII3Q, STM32H563AII6, STM32H563IGK6, STM32H563IGT6, STM32H563IIK3Q, STM32H563IIK6, STM32H563IIT3Q, STM32H563IIT6, STM32H563MIY3QTR, STM32H563RGT6, STM32H563RGV6, STM32H563RIT6, STM32H563RIV6, STM32H563VGT6, STM32H563VIT3Q, STM32H563VIT6, STM32H563ZGT6, STM32H563ZIT3Q, STM32H563ZIT6, STM32H573AII3Q, STM32H573AII6, STM32H573I-DK, STM32H573IIK3Q, STM32H573IIK6, STM32H573IIT3Q, STM32H573IIT6, STM32H573MIY3QTR, STM32H573RIT6, STM32H573RIV6, STM32H573VIT3Q, STM32H573VIT6, STM32H573ZIT3Q, STM32H573ZIT6, STM32H7R3A8I6, STM32H7R3I8K6, STM32H7R3I8T6, STM32H7R3L8H6, STM32H7R3L8H6H, STM32H7R3R8V6, STM32H7R3V8H6, STM32H7R3V8T6, STM32H7R3V8Y6TR, STM32H7R3Z8J6, STM32H7R3Z8T6, STM32H7R7A8I6, STM32H7R7I8K6, STM32H7R7I8T6, STM32H7R7L8H6, STM32H7R7L8H6H, STM32H7R7Z8J6, STM32H7S3A8I6, STM32H7S3I8K6, STM32H7S3I8T6, STM32H7S3L8H6, STM32H7S3L8H6H, STM32H7S3R8V6, STM32H7S3V8H6, STM32H7S3V8T6, STM32H7S3V8Y6TR, STM32H7S3Z8J6, STM32H7S3Z8T6, STM32H7S78-DK, STM32H7S7A8I6, STM32H7S7I8K6, STM32H7S7I8T6, STM32H7S7L8H6, STM32H7S7L8H6H, STM32H7S7Z8J6, STM32L4R5QGI6STR, STM32MP131AAE3, STM32MP131AAF3, STM32MP131AAG3, STM32MP131CAE3, STM32MP131CAF3, STM32MP131CAG3, STM32MP131DAE7, STM32MP131DAF7, STM32MP131DAG7, STM32MP131FAE7, STM32MP131FAF7, STM32MP131FAG7, STM32MP133AAE3, STM32MP133AAF3, STM32MP133AAG3, STM32MP133CAE3, STM32MP133CAF3, STM32MP133CAG3, STM32MP133DAE7, STM32MP133DAF7, STM32MP133DAG7, STM32MP133FAE7, STM32MP133FAF7, STM32MP133FAG7, STM32MP135AAE3, STM32MP135AAF3, STM32MP135AAG3, STM32MP135CAE3, STM32MP135CAF3, STM32MP135CAG3, STM32MP135DAE7, STM32MP135DAF7, STM32MP135DAG7, STM32MP135F-DK, STM32MP135FAE7, STM32MP135FAF7, STM32MP135FAF7T, STM32MP135FAF7U, STM32MP135FAG7, STM32MP251AAI3, STM32MP251AAK3, STM32MP251AAL3, STM32MP251CAI3, STM32MP251CAK3, STM32MP251CAL3, STM32MP251DAI3, STM32MP251DAK3, STM32MP251DAL3, STM32MP251FAI3, STM32MP251FAK3, STM32MP251FAL3, STM32MP253AAI3, STM32MP253AAK3, STM32MP253AAL3, STM32MP253CAI3, STM32MP253CAK3, STM32MP253CAL3, STM32MP253DAI3, STM32MP253DAK3, STM32MP253DAL3, STM32MP253FAI3, STM32MP253FAK3, STM32MP253FAL3, STM32MP255AAI3, STM32MP255AAK3, STM32MP255AAL3, STM32MP255CAI3, STM32MP255CAK3, STM32MP255CAL3, STM32MP255DAI3, STM32MP255DAK3, STM32MP255DAL3, STM32MP255FAI3, STM32MP255FAK3, STM32MP255FAL3, STM32MP257AAI3, STM32MP257AAK3, STM32MP257AAL3, STM32MP257CAI3, STM32MP257CAK3, STM32MP257CAL3, STM32MP257DAI3, STM32MP257DAK3, STM32MP257DAL3, STM32MP257F-DK, STM32MP257F-EV1, STM32MP257FAI3, STM32MP257FAK3, STM32MP257FAL3, STM32U031C6T6, STM32U031C6U6, STM32U031C8T6, STM32U031C8U6, STM32U031F4P6, STM32U031F6P6, STM32U031F8P6, STM32U031G6Y6TR, STM32U031G8Y6TR, STM32U031K4U6, STM32U031K6U6, STM32U031K8U6, STM32U031R6I6, STM32U031R6T6, STM32U031R8I6, STM32U031R8T6, STM32U073C8T6, STM32U073C8U6, STM32U073CBT6, STM32U073CBU6, STM32U073CCT6, STM32U073CCU6, STM32U073H8Y6TR, STM32U073HBY6TR, STM32U073HCY6TR, STM32U073K8U6, STM32U073KBU6, STM32U073KCU6, STM32U073M8I6, STM32U073M8T6, STM32U073MBI6, STM32U073MBT6, STM32U073MCI6, STM32U073MCT6, STM32U073R8I6, STM32U073R8T6, STM32U073RBI6, STM32U073RBT6, STM32U073RCI6, STM32U073RCT6, STM32U083C-DK, STM32U083CCT6, STM32U083CCU6, STM32U083HCY6TR, STM32U083KCU6, STM32U083MCI6, STM32U083MCT6, STM32U083RCI6, STM32U083RCT6, STM32U535CBT6, STM32U535CBT6Q, STM32U535CBU6, STM32U535CBU6Q, STM32U535CCT6, STM32U535CCT6Q, STM32U535CCU6, STM32U535CCU6Q, STM32U535CET6, STM32U535CET6Q, STM32U535CEU6, STM32U535CEU6Q, STM32U535JEY6QTR, STM32U535NCY6QTR, STM32U535NEY6QTR, STM32U535RBI6, STM32U535RBI6Q, STM32U535RBT6, STM32U535RBT6Q, STM32U535RCI6, STM32U535RCI6Q, STM32U535RCT6, STM32U535RCT6Q, STM32U535REI6, STM32U535REI6Q, STM32U535RET6, STM32U535RET6Q, STM32U535VCI6, STM32U535VCI6Q, STM32U535VCT6, STM32U535VCT6Q, STM32U535VEI6, STM32U535VEI6Q, STM32U535VET6, STM32U535VET6Q, STM32U545CET6, STM32U545CET6Q, STM32U545CEU6, STM32U545CEU6Q, STM32U545JEY6QTR, STM32U545NEY6QTR, STM32U545REI6, STM32U545REI6Q, STM32U545RET6, STM32U545RET6Q, STM32U545VEI6, STM32U545VEI6Q, STM32U545VET6, STM32U545VET6Q, STM32U595AIH6, STM32U595AIH6Q, STM32U595AJH6, STM32U595AJH6Q, STM32U595QII6, STM32U595QII6Q, STM32U595QJI6, STM32U595QJI6Q, STM32U595RIT6, STM32U595RIT6Q, STM32U595RJT6, STM32U595RJT6Q, STM32U595VIT6, STM32U595VIT6Q, STM32U595VJT6, STM32U595VJT6Q, STM32U595ZIT6, STM32U595ZIT6Q, STM32U595ZIY6QTR, STM32U595ZJT6, STM32U595ZJT6Q, STM32U595ZJY6QTR, STM32U599BJY6QTR, STM32U599NIH6Q, STM32U599NJH6Q, STM32U599VIT6Q, STM32U599VJT6, STM32U599VJT6Q, STM32U599ZIT6Q, STM32U599ZIY6QTR, STM32U599ZJT6Q, STM32U599ZJY6QTR, STM32U5A5AJH6, STM32U5A5AJH6Q, STM32U5A5QII3Q , STM32U5A5QJI6, STM32U5A5QJI6Q, STM32U5A5RJT6, STM32U5A5RJT6Q, STM32U5A5VJT6, STM32U5A5VJT6Q, STM32U5A5ZJT6, STM32U5A5ZJT6Q, STM32U5A5ZJY6QTR, STM32U5A9BJY6QTR, STM32U5A9J-DK, STM32U5A9NJH6Q, STM32U5A9VJT6Q, STM32U5A9ZJT6Q, STM32U5A9ZJY6QTR, STM32U5F7VIT6, STM32U5F7VIT6Q, STM32U5F7VJT6, STM32U5F7VJT6Q, STM32U5F9BJY6QTR, STM32U5F9NJH6Q, STM32U5F9VIT6Q, STM32U5F9VJT6Q, STM32U5F9ZIJ6QTR, STM32U5F9ZIT6Q, STM32U5F9ZJJ6QTR, STM32U5F9ZJT6Q, STM32U5G7VJT6, STM32U5G7VJT6Q, STM32U5G9BJY6QTR, STM32U5G9J-DK1, STM32U5G9J-DK2, STM32U5G9NJH6Q, STM32U5G9VJT6Q, STM32U5G9ZJJ6QTR, STM32U5G9ZJT6Q, STM32WB05KZV6TR, STM32WB05KZV7TR, STM32WB05TZF6TR, STM32WB05TZF7TR, STM32WB06CCF6TR, STM32WB06CCF7TR, STM32WB06CCV6TR, STM32WB06CCV7TR, STM32WB06KCV6TR, STM32WB06KCV7TR, STM32WB07CCF6TR, STM32WB07CCF7TR, STM32WB07CCV6TR, STM32WB07CCV7TR, STM32WB07KCV6TR, STM32WB07KCV7TR, STM32WB09KEV6TR, STM32WB09KEV7TR, STM32WB09TEF6TR, STM32WB09TEF7TR, STM32WB1MMCH6, STM32WBA50KGU6, STM32WBA50KGU6TR, STM32WBA52CEU6, STM32WBA52CEU6TR, STM32WBA52CEU7, STM32WBA52CEU7TR, STM32WBA52CGU6, STM32WBA52CGU6TR, STM32WBA52CGU6U, STM32WBA52CGU7, STM32WBA52CGU7TR, STM32WBA52KEU6, STM32WBA52KEU6TR, STM32WBA52KGU6, STM32WBA52KGU6TR, STM32WBA54CEU6, STM32WBA54CEU6TR, STM32WBA54CEU7, STM32WBA54CEU7TR, STM32WBA54CGU6, STM32WBA54CGU6TR, STM32WBA54CGU7, STM32WBA54CGU7TR, STM32WBA54KEU6, STM32WBA54KEU6TR, STM32WBA54KEU7, STM32WBA54KEU7TR, STM32WBA54KGU6, STM32WBA54KGU6TR, STM32WBA54KGU7, STM32WBA54KGU7TR, STM32WBA55CEU6, STM32WBA55CEU6TR, STM32WBA55CEU7, STM32WBA55CEU7TR, STM32WBA55CGU6, STM32WBA55CGU6TR, STM32WBA55CGU6U, STM32WBA55CGU7, STM32WBA55CGU7TR, STM32WBA55G-DK1, STM32WBA55HEF6, STM32WBA55HEF7, STM32WBA55HGF6, STM32WBA55HGF7, STM32WBA55UEI6, STM32WBA55UEI6TR, STM32WBA55UEI7, STM32WBA55UEI7TR, STM32WBA55UGI6, STM32WBA55UGI6TR, STM32WBA55UGI7, STM32WBA55UGI7TR, STM32WL5MOCH6, STM32WL5MOCH6TR]
2024-09-05 09:19:50,153 [INFO] BoardInfo:889 - No configuration file found for board P-NUCLEO-WB55
2024-09-05 09:19:50,153 [INFO] DbBoards:161 - Kit is not supported: P-NUCLEO-WB55
2024-09-05 09:19:50,155 [INFO] BoardInfo:889 - No configuration file found for board STEVAL-BFA001V1B
2024-09-05 09:19:50,155 [INFO] DbBoards:161 - Kit is not supported: STEVAL-BFA001V1B
2024-09-05 09:19:50,156 [INFO] BoardInfo:889 - No configuration file found for board STEVAL-BFA001V2B
2024-09-05 09:19:50,156 [INFO] DbBoards:161 - Kit is not supported: STEVAL-BFA001V2B
2024-09-05 09:19:50,208 [INFO] DbBoards:168 - Found 201 boards, 198 are supported
2024-09-05 09:19:50,208 [INFO] DbBoards:169 - Found 201 boards, 25 of them is supported for  Bsp
2024-09-05 09:19:50,210 [INFO] ApiDb:668 - CubeFinder database Data Model version=2.1
2024-09-05 09:19:50,210 [INFO] ApiDb:669 - CubeFinder database Configuration version=3.0.39
2024-09-05 09:19:50,210 [INFO] ApiDb:670 - CubeFinder database generation date=2024-06-20 (1718880634)
2024-09-05 09:19:50,210 [INFO] ApiDb:671 - CubeFinder database FW Pack versions=[FP-ATR-ASTRA1_V2.0.0, FP-SNS-FLIGHT1_V5.0.2, FP-SNS-MOTENV1_V5.0.0, FP-SNS-MOTENVWB1_V1.4.0, FP-SNS-SMARTAG2_V1.2.0, STM32Cube_FW_C0_V1.2.0, STM32Cube_FW_F4_V1.28.0, STM32Cube_FW_F7_V1.17.2, STM32Cube_FW_G0_V1.6.2, STM32Cube_FW_G4_V1.6.0, STM32Cube_FW_H5_V1.3.0, STM32Cube_FW_H7RS_V1.1.0, STM32Cube_FW_H7_V1.11.2, STM32Cube_FW_L0_V1.12.2, STM32Cube_FW_L5_V1.5.1, STM32Cube_FW_U0_V1.1.0, STM32Cube_FW_U5_V1.6.0, STM32Cube_FW_WB0_V1.0.0, STM32Cube_FW_WBA_V1.4.0, STM32Cube_FW_WB_V1.20.0, STM32Cube_FW_WL_V1.3.0, X-CUBE-ALGOBUILD_V1.4.0, X-CUBE-ALS_V1.0.2, X-CUBE-AZRTOS-F4_V1.1.0, X-CUBE-AZRTOS-F7_V1.1.0, X-CUBE-AZRTOS-G0_V1.1.0, X-CUBE-AZRTOS-G4_V2.0.0, X-CUBE-AZRTOS-H7RS_V1.0.0, X-CUBE-AZRTOS-H7_V3.2.0, X-CUBE-AZRTOS-L4_V2.0.0, X-CUBE-AZRTOS-L5_V1.1.0, X-CUBE-AZRTOS-WB_V2.0.0, X-CUBE-AZRTOS-WL_V2.0.0, X-CUBE-BLE1_V7.0.0, X-CUBE-BLE2_V3.3.0, X-CUBE-BLEMGR_V3.1.0, X-CUBE-EEPRMA1_V5.1.0, X-CUBE-FREERTOS_V1.2.0, X-CUBE-GNSS1_V6.0.0, X-CUBE-MEMS1_V10.0.0, X-CUBE-NFC4_V3.0.0, X-CUBE-NFC7_V1.0.1, X-CUBE-SFXS2LP1_V4.0.0, X-CUBE-SUBG2_V5.0.0, X-CUBE-TOF1_V3.4.1]
2024-09-05 09:19:51,257 [INFO] ApiDb:240 - Found 646 in-development CPN: [B-G473E-ZEST1S, B-WB1M-WPAN1, B-WL5M-SUBG1, NUCLEO-C031C6, NUCLEO-C071RB, NUCLEO-H503RB, NUCLEO-H533RE, NUCLEO-H563ZI, NUCLEO-H7S3L8, NUCLEO-U031R8, NUCLEO-U083RC, NUCLEO-U545RE-Q, NUCLEO-U5A5ZJ-Q, NUCLEO-WB05KZ, NUCLEO-WB07CC, NUCLEO-WB09KE, NUCLEO-WBA52CG, NUCLEO-WBA55CG, STEVAL-PROTEUS1, STEVAL-SMARTAG2, STEVAL-STWINBX1, STM320518-EVAL, STM32C0116-DK, STM32C011D6Y3TR, STM32C011D6Y6TR, STM32C011F4P3, STM32C011F4P6, STM32C011F4U3, STM32C011F4U6TR, STM32C011F6P3, STM32C011F6P6, STM32C011F6U3, STM32C011F6U6TR, STM32C011J4M3, STM32C011J4M6, STM32C011J6M3, STM32C011J6M6, STM32C0316-DK, STM32C031C4T3, STM32C031C4T6, STM32C031C4U3, STM32C031C4U6, STM32C031C6T3, STM32C031C6T6, STM32C031C6U3, STM32C031C6U6, STM32C031F4P3, STM32C031F4P6, STM32C031F6P3, STM32C031F6P6, STM32C031G4U3, STM32C031G4U6, STM32C031G6U3, STM32C031G6U6, STM32C031K4T3, STM32C031K4T6, STM32C031K4U3, STM32C031K4U6, STM32C031K6T3, STM32C031K6T6, STM32C031K6U3, STM32C031K6U6, STM32C071C8T6, STM32C071C8T6N, STM32C071C8U6, STM32C071C8U6N, STM32C071CBT6, STM32C071CBT6N, STM32C071CBU6, STM32C071CBU6N, STM32C071F8P6, STM32C071F8P6N, STM32C071FBP6, STM32C071FBP6N, STM32C071FBY6TR, STM32C071G8U6, STM32C071G8U6N, STM32C071GBU6, STM32C071GBU6N, STM32C071K8T6, STM32C071K8T6N, STM32C071K8U6, STM32C071K8U6N, STM32C071KBT6, STM32C071KBT6N, STM32C071KBU6, STM32C071KBU6N, STM32C071R8T6, STM32C071R8T6N, STM32C071RBI6N, STM32C071RBT6, STM32C071RBT6N, STM32G071K8TXN, STM32G071K8UXN, STM32G081GBU6N, STM32G081KBT6N, STM32G081KBUXN, STM32G0B1CCT6N, STM32G0B1KCT6, STM32G0B1NEY6TR, STM32G0B1RCT6N, STM32G0C1CCT6, STM32G0C1CCT6N, STM32G0C1CCU6N, STM32G0C1CET6N, STM32G0C1CEU6N, STM32G0C1KCT6, STM32G0C1NEY6TR, STM32G0C1RCI6N, STM32G0C1RCT6N, STM32G0C1REI6N, STM32G0C1RET6N, STM32G0C1VCI6, STM32G0C1VEI6, STM32G411C6T3, STM32G411C6T6, STM32G411C6U3, STM32G411C6U6, STM32G411C8T3, STM32G411C8T6, STM32G411C8U3, STM32G411C8U6, STM32G411CBT3, STM32G411CBT6, STM32G411CBU3, STM32G411CBU6, STM32G411K6T3, STM32G411K6T6, STM32G411K6U3, STM32G411K6U6, STM32G411K8T3, STM32G411K8T6, STM32G411K8U3, STM32G411K8U6, STM32G411KBT3, STM32G411KBT6, STM32G411KBU3, STM32G411KBU6, STM32G411M6T3, STM32G411M6T6, STM32G411M8T3, STM32G411M8T6, STM32G411MBT3, STM32G411MBT6, STM32G411R6T3, STM32G411R6T6, STM32G411R8T3, STM32G411R8T6, STM32G411RBT3, STM32G411RBT6, STM32G414CBT3, STM32G414CBT6, STM32G414CBU3, STM32G414CBU6, STM32G414CCT3, STM32G414CCT6, STM32G414CCU3, STM32G414CCU6, STM32G414MBT3, STM32G414MBT6, STM32G414MCT3, STM32G414MCT6, STM32G414RBT3, STM32G414RBT6, STM32G414RCT3, STM32G414RCT6, STM32G414VBT3, STM32G414VBT6, STM32G414VCT3, STM32G414VCT6, STM32G431CBT3Z, STM32G431RBT3Z, STM32G471CCT6, STM32G471CCU6, STM32G471CET3, STM32G471CET6, STM32G471CEU3, STM32G471CEU6, STM32G471MCT6, STM32G471MET3, STM32G471MET6, STM32G471MEY6TR, STM32G471QCT6, STM32G471QET3, STM32G471RCT6, STM32G471RET3, STM32G471RET6, STM32G471VCH6, STM32G471VCI6, STM32G471VCT6, STM32G471VEH3, STM32G471VEH6, STM32G471VEI3, STM32G471VEI6, STM32G471VET3, STM32G471VET6, STM32G473QET3Z, STM32G473RET3Z, STM32G474CCT6, STM32G491RET3Z, STM32H503CBT6, STM32H503CBU6, STM32H503EBY6TR, STM32H503KBU6, STM32H503RBT6, STM32H523CCT6, STM32H523CCU6, STM32H523CET6, STM32H523CEU6, STM32H523HEY6TR, STM32H523RCT6, STM32H523RET6, STM32H523VCI6, STM32H523VCT6, STM32H523VEI6, STM32H523VET6, STM32H523ZCJ6, STM32H523ZCT6, STM32H523ZEJ6, STM32H523ZET6, STM32H533CET6, STM32H533CEU6, STM32H533HEY6TR, STM32H533RET6, STM32H533VEI6, STM32H533VET6, STM32H533ZEJ6, STM32H533ZET6, STM32H562AGI6, STM32H562AII6, STM32H562IGK6, STM32H562IGT6, STM32H562IIK6, STM32H562IIT6, STM32H562RGT6, STM32H562RGV6, STM32H562RIT6, STM32H562RIV6, STM32H562VGT6, STM32H562VIT6, STM32H562ZGT6, STM32H562ZIT6, STM32H563AGI6, STM32H563AII3Q, STM32H563AII6, STM32H563IGK6, STM32H563IGT6, STM32H563IIK3Q, STM32H563IIK6, STM32H563IIT3Q, STM32H563IIT6, STM32H563MIY3QTR, STM32H563RGT6, STM32H563RGV6, STM32H563RIT6, STM32H563RIV6, STM32H563VGT6, STM32H563VIT3Q, STM32H563VIT6, STM32H563ZGT6, STM32H563ZIT3Q, STM32H563ZIT6, STM32H573AII3Q, STM32H573AII6, STM32H573I-DK, STM32H573IIK3Q, STM32H573IIK6, STM32H573IIT3Q, STM32H573IIT6, STM32H573MIY3QTR, STM32H573RIT6, STM32H573RIV6, STM32H573VIT3Q, STM32H573VIT6, STM32H573ZIT3Q, STM32H573ZIT6, STM32H7R3A8I6, STM32H7R3I8K6, STM32H7R3I8T6, STM32H7R3L8H6, STM32H7R3L8H6H, STM32H7R3R8V6, STM32H7R3V8H6, STM32H7R3V8T6, STM32H7R3V8Y6TR, STM32H7R3Z8J6, STM32H7R3Z8T6, STM32H7R7A8I6, STM32H7R7I8K6, STM32H7R7I8T6, STM32H7R7L8H6, STM32H7R7L8H6H, STM32H7R7Z8J6, STM32H7S3A8I6, STM32H7S3I8K6, STM32H7S3I8T6, STM32H7S3L8H6, STM32H7S3L8H6H, STM32H7S3R8V6, STM32H7S3V8H6, STM32H7S3V8T6, STM32H7S3V8Y6TR, STM32H7S3Z8J6, STM32H7S3Z8T6, STM32H7S78-DK, STM32H7S7A8I6, STM32H7S7I8K6, STM32H7S7I8T6, STM32H7S7L8H6, STM32H7S7L8H6H, STM32H7S7Z8J6, STM32L4R5QGI6STR, STM32MP131AAE3, STM32MP131AAF3, STM32MP131AAG3, STM32MP131CAE3, STM32MP131CAF3, STM32MP131CAG3, STM32MP131DAE7, STM32MP131DAF7, STM32MP131DAG7, STM32MP131FAE7, STM32MP131FAF7, STM32MP131FAG7, STM32MP133AAE3, STM32MP133AAF3, STM32MP133AAG3, STM32MP133CAE3, STM32MP133CAF3, STM32MP133CAG3, STM32MP133DAE7, STM32MP133DAF7, STM32MP133DAG7, STM32MP133FAE7, STM32MP133FAF7, STM32MP133FAG7, STM32MP135AAE3, STM32MP135AAF3, STM32MP135AAG3, STM32MP135CAE3, STM32MP135CAF3, STM32MP135CAG3, STM32MP135DAE7, STM32MP135DAF7, STM32MP135DAG7, STM32MP135F-DK, STM32MP135FAE7, STM32MP135FAF7, STM32MP135FAF7T, STM32MP135FAF7U, STM32MP135FAG7, STM32MP251AAI3, STM32MP251AAK3, STM32MP251AAL3, STM32MP251CAI3, STM32MP251CAK3, STM32MP251CAL3, STM32MP251DAI3, STM32MP251DAK3, STM32MP251DAL3, STM32MP251FAI3, STM32MP251FAK3, STM32MP251FAL3, STM32MP253AAI3, STM32MP253AAK3, STM32MP253AAL3, STM32MP253CAI3, STM32MP253CAK3, STM32MP253CAL3, STM32MP253DAI3, STM32MP253DAK3, STM32MP253DAL3, STM32MP253FAI3, STM32MP253FAK3, STM32MP253FAL3, STM32MP255AAI3, STM32MP255AAK3, STM32MP255AAL3, STM32MP255CAI3, STM32MP255CAK3, STM32MP255CAL3, STM32MP255DAI3, STM32MP255DAK3, STM32MP255DAL3, STM32MP255FAI3, STM32MP255FAK3, STM32MP255FAL3, STM32MP257AAI3, STM32MP257AAK3, STM32MP257AAL3, STM32MP257CAI3, STM32MP257CAK3, STM32MP257CAL3, STM32MP257DAI3, STM32MP257DAK3, STM32MP257DAL3, STM32MP257F-DK, STM32MP257F-EV1, STM32MP257FAI3, STM32MP257FAK3, STM32MP257FAL3, STM32U031C6T6, STM32U031C6U6, STM32U031C8T6, STM32U031C8U6, STM32U031F4P6, STM32U031F6P6, STM32U031F8P6, STM32U031G6Y6TR, STM32U031G8Y6TR, STM32U031K4U6, STM32U031K6U6, STM32U031K8U6, STM32U031R6I6, STM32U031R6T6, STM32U031R8I6, STM32U031R8T6, STM32U073C8T6, STM32U073C8U6, STM32U073CBT6, STM32U073CBU6, STM32U073CCT6, STM32U073CCU6, STM32U073H8Y6TR, STM32U073HBY6TR, STM32U073HCY6TR, STM32U073K8U6, STM32U073KBU6, STM32U073KCU6, STM32U073M8I6, STM32U073M8T6, STM32U073MBI6, STM32U073MBT6, STM32U073MCI6, STM32U073MCT6, STM32U073R8I6, STM32U073R8T6, STM32U073RBI6, STM32U073RBT6, STM32U073RCI6, STM32U073RCT6, STM32U083C-DK, STM32U083CCT6, STM32U083CCU6, STM32U083HCY6TR, STM32U083KCU6, STM32U083MCI6, STM32U083MCT6, STM32U083RCI6, STM32U083RCT6, STM32U535CBT6, STM32U535CBT6Q, STM32U535CBU6, STM32U535CBU6Q, STM32U535CCT6, STM32U535CCT6Q, STM32U535CCU6, STM32U535CCU6Q, STM32U535CET6, STM32U535CET6Q, STM32U535CEU6, STM32U535CEU6Q, STM32U535JEY6QTR, STM32U535NCY6QTR, STM32U535NEY6QTR, STM32U535RBI6, STM32U535RBI6Q, STM32U535RBT6, STM32U535RBT6Q, STM32U535RCI6, STM32U535RCI6Q, STM32U535RCT6, STM32U535RCT6Q, STM32U535REI6, STM32U535REI6Q, STM32U535RET6, STM32U535RET6Q, STM32U535VCI6, STM32U535VCI6Q, STM32U535VCT6, STM32U535VCT6Q, STM32U535VEI6, STM32U535VEI6Q, STM32U535VET6, STM32U535VET6Q, STM32U545CET6, STM32U545CET6Q, STM32U545CEU6, STM32U545CEU6Q, STM32U545JEY6QTR, STM32U545NEY6QTR, STM32U545REI6, STM32U545REI6Q, STM32U545RET6, STM32U545RET6Q, STM32U545VEI6, STM32U545VEI6Q, STM32U545VET6, STM32U545VET6Q, STM32U595AIH6, STM32U595AIH6Q, STM32U595AJH6, STM32U595AJH6Q, STM32U595QII6, STM32U595QII6Q, STM32U595QJI6, STM32U595QJI6Q, STM32U595RIT6, STM32U595RIT6Q, STM32U595RJT6, STM32U595RJT6Q, STM32U595VIT6, STM32U595VIT6Q, STM32U595VJT6, STM32U595VJT6Q, STM32U595ZIT6, STM32U595ZIT6Q, STM32U595ZIY6QTR, STM32U595ZJT6, STM32U595ZJT6Q, STM32U595ZJY6QTR, STM32U599BJY6QTR, STM32U599NIH6Q, STM32U599NJH6Q, STM32U599VIT6Q, STM32U599VJT6, STM32U599VJT6Q, STM32U599ZIT6Q, STM32U599ZIY6QTR, STM32U599ZJT6Q, STM32U599ZJY6QTR, STM32U5A5AJH6, STM32U5A5AJH6Q, STM32U5A5QII3Q , STM32U5A5QJI6, STM32U5A5QJI6Q, STM32U5A5RJT6, STM32U5A5RJT6Q, STM32U5A5VJT6, STM32U5A5VJT6Q, STM32U5A5ZJT6, STM32U5A5ZJT6Q, STM32U5A5ZJY6QTR, STM32U5A9BJY6QTR, STM32U5A9J-DK, STM32U5A9NJH6Q, STM32U5A9VJT6Q, STM32U5A9ZJT6Q, STM32U5A9ZJY6QTR, STM32U5F7VIT6, STM32U5F7VIT6Q, STM32U5F7VJT6, STM32U5F7VJT6Q, STM32U5F9BJY6QTR, STM32U5F9NJH6Q, STM32U5F9VIT6Q, STM32U5F9VJT6Q, STM32U5F9ZIJ6QTR, STM32U5F9ZIT6Q, STM32U5F9ZJJ6QTR, STM32U5F9ZJT6Q, STM32U5G7VJT6, STM32U5G7VJT6Q, STM32U5G9BJY6QTR, STM32U5G9J-DK1, STM32U5G9J-DK2, STM32U5G9NJH6Q, STM32U5G9VJT6Q, STM32U5G9ZJJ6QTR, STM32U5G9ZJT6Q, STM32WB05KZV6TR, STM32WB05KZV7TR, STM32WB05TZF6TR, STM32WB05TZF7TR, STM32WB06CCF6TR, STM32WB06CCF7TR, STM32WB06CCV6TR, STM32WB06CCV7TR, STM32WB06KCV6TR, STM32WB06KCV7TR, STM32WB07CCF6TR, STM32WB07CCF7TR, STM32WB07CCV6TR, STM32WB07CCV7TR, STM32WB07KCV6TR, STM32WB07KCV7TR, STM32WB09KEV6TR, STM32WB09KEV7TR, STM32WB09TEF6TR, STM32WB09TEF7TR, STM32WB1MMCH6, STM32WBA50KGU6, STM32WBA50KGU6TR, STM32WBA52CEU6, STM32WBA52CEU6TR, STM32WBA52CEU7, STM32WBA52CEU7TR, STM32WBA52CGU6, STM32WBA52CGU6TR, STM32WBA52CGU6U, STM32WBA52CGU7, STM32WBA52CGU7TR, STM32WBA52KEU6, STM32WBA52KEU6TR, STM32WBA52KGU6, STM32WBA52KGU6TR, STM32WBA54CEU6, STM32WBA54CEU6TR, STM32WBA54CEU7, STM32WBA54CEU7TR, STM32WBA54CGU6, STM32WBA54CGU6TR, STM32WBA54CGU7, STM32WBA54CGU7TR, STM32WBA54KEU6, STM32WBA54KEU6TR, STM32WBA54KEU7, STM32WBA54KEU7TR, STM32WBA54KGU6, STM32WBA54KGU6TR, STM32WBA54KGU7, STM32WBA54KGU7TR, STM32WBA55CEU6, STM32WBA55CEU6TR, STM32WBA55CEU7, STM32WBA55CEU7TR, STM32WBA55CGU6, STM32WBA55CGU6TR, STM32WBA55CGU6U, STM32WBA55CGU7, STM32WBA55CGU7TR, STM32WBA55G-DK1, STM32WBA55HEF6, STM32WBA55HEF7, STM32WBA55HGF6, STM32WBA55HGF7, STM32WBA55UEI6, STM32WBA55UEI6TR, STM32WBA55UEI7, STM32WBA55UEI7TR, STM32WBA55UGI6, STM32WBA55UGI6TR, STM32WBA55UGI7, STM32WBA55UGI7TR, STM32WL5MOCH6, STM32WL5MOCH6TR]
2024-09-05 09:19:51,259 [INFO] DbMcus:218 - Found 4251 MCUs, 4251 are supported
2024-09-05 09:19:51,259 [INFO] ApiDb:414 - User favorites file not found: C:\Users\bashk/.stm32cubeide/favorites.mcus.txt
2024-09-05 09:19:51,259 [INFO] DbMcus:224 - Set 0 / 0 favorites MCUs
2024-09-05 09:19:51,405 [INFO] ApiDb:414 - User favorites file not found: C:\Users\bashk/.stm32cubeide/favorites.boards.txt
2024-09-05 09:19:51,405 [INFO] DbBoards:198 - Set 0 / 0 favorites Boards
2024-09-05 09:19:51,449 [INFO] UtilMem:75 - End LoadConfig() Used Memory: 746851240 Bytes (1053818880)
2024-09-05 09:19:51,505 [WARN] ThirdParty:833 - waiting for thirdparty lock release [change project]
2024-09-05 09:19:51,506 [INFO] ThirdParty:835 - entering critical section [change project]
2024-09-05 09:19:51,506 [INFO] ThirdParty:1030 - CMSIS Pack Vendor :STMicroelectronics USBPD 4.1
2024-09-05 09:19:51,506 [INFO] ThirdParty:1030 - CMSIS Pack Vendor :STMicroelectronics X-CUBE-AZRTOS-H7 3.3.0
2024-09-05 09:19:51,506 [INFO] ThirdParty:1030 - CMSIS Pack Vendor :STMicroelectronics X-CUBE-GNSS1 6.0.0
2024-09-05 09:19:51,506 [INFO] ThirdParty:1030 - CMSIS Pack Vendor :STMicroelectronics USB_HOST 2.0.0
2024-09-05 09:19:51,506 [INFO] ThirdParty:1030 - CMSIS Pack Vendor :STMicroelectronics FP-SNS-MOTENVWB1 1.4.0
2024-09-05 09:19:51,506 [INFO] ThirdParty:1030 - CMSIS Pack Vendor :STMicroelectronics X-CUBE-AZRTOS-F4 1.1.0
2024-09-05 09:19:51,506 [INFO] ThirdParty:1030 - CMSIS Pack Vendor :STMicroelectronics LIBJPEG 8.0.0
2024-09-05 09:19:51,506 [INFO] ThirdParty:1030 - CMSIS Pack Vendor :STMicroelectronics X-CUBE-SMBUS 2.1.0
2024-09-05 09:19:51,506 [INFO] ThirdParty:1030 - CMSIS Pack Vendor :STMicroelectronics USB_DEVICE 3.0.0
2024-09-05 09:19:51,506 [INFO] ThirdParty:1030 - CMSIS Pack Vendor :STMicroelectronics X-CUBE-TCPP 4.1.0
2024-09-05 09:19:51,506 [INFO] ThirdParty:1030 - CMSIS Pack Vendor :STMicroelectronics X-CUBE-FREERTOS 1.2.0
2024-09-05 09:19:51,506 [INFO] ThirdParty:1030 - CMSIS Pack Vendor :STMicroelectronics X-CUBE-AZRTOS-WB 2.0.0
2024-09-05 09:19:51,506 [INFO] ThirdParty:1030 - CMSIS Pack Vendor :STMicroelectronics X-CUBE-TOUCHGFX 4.23.1
2024-09-05 09:19:51,506 [INFO] ThirdParty:1030 - CMSIS Pack Vendor :STMicroelectronics X-CUBE-AZRTOS-F7 1.1.0
2024-09-05 09:19:51,506 [INFO] ThirdParty:1030 - CMSIS Pack Vendor :STMicroelectronics X-CUBE-AZRTOS-L5 2.0.0
2024-09-05 09:19:51,506 [INFO] ThirdParty:1030 - CMSIS Pack Vendor :STMicroelectronics USB_DEVICE 2.0.0
2024-09-05 09:19:51,506 [INFO] ThirdParty:1030 - CMSIS Pack Vendor :STMicroelectronics X-CUBE-NFC6 3.1.0
2024-09-05 09:19:51,506 [INFO] ThirdParty:1030 - CMSIS Pack Vendor :STMicroelectronics FP-SNS-STBOX1 2.0.0
2024-09-05 09:19:51,506 [INFO] ThirdParty:1030 - CMSIS Pack Vendor :STMicroelectronics X-CUBE-ALGOBUILD 1.3.0
2024-09-05 09:19:51,506 [INFO] ThirdParty:1030 - CMSIS Pack Vendor :STMicroelectronics X-CUBE-MEMS1 11.0.0
2024-09-05 09:19:51,506 [INFO] ThirdParty:1030 - CMSIS Pack Vendor :STMicroelectronics FreeRTOS 0.0.1
2024-09-05 09:19:51,506 [INFO] ThirdParty:1030 - CMSIS Pack Vendor :STMicroelectronics X-CUBE-AZRTOS-G0 1.1.0
2024-09-05 09:19:51,506 [INFO] ThirdParty:1030 - CMSIS Pack Vendor :STMicroelectronics X-CUBE-SAFEA1 1.2.2
2024-09-05 09:19:51,506 [INFO] ThirdParty:1030 - CMSIS Pack Vendor :STMicroelectronics X-CUBE-NFC4 3.0.0
2024-09-05 09:19:51,506 [INFO] ThirdParty:1030 - CMSIS Pack Vendor :STMicroelectronics X-CUBE-DPower 1.2.0
2024-09-05 09:19:51,506 [INFO] ThirdParty:1030 - CMSIS Pack Vendor :STMicroelectronics X-CUBE-SUBG2 5.0.0
2024-09-05 09:19:51,506 [INFO] ThirdParty:1030 - CMSIS Pack Vendor :STMicroelectronics STM32_WPAN 1.0.0
2024-09-05 09:19:51,506 [INFO] ThirdParty:1030 - CMSIS Pack Vendor :EmbeddedOffice I-CUBE-FS-RTOS 1.0.1
2024-09-05 09:19:51,506 [INFO] ThirdParty:1030 - CMSIS Pack Vendor :STMicroelectronics lwIP 2.0.3
2024-09-05 09:19:51,506 [INFO] ThirdParty:1030 - CMSIS Pack Vendor :STMicroelectronics FP-SNS-FLIGHT1 5.0.2
2024-09-05 09:19:51,506 [INFO] ThirdParty:1030 - CMSIS Pack Vendor :Cesanta I-CUBE-Mongoose 7.13.0
2024-09-05 09:19:51,506 [INFO] ThirdParty:1030 - CMSIS Pack Vendor :STMicroelectronics USB_HOST 1.0.0
2024-09-05 09:19:51,506 [INFO] ThirdParty:1030 - CMSIS Pack Vendor :STMicroelectronics X-CUBE-AI 9.0.0
2024-09-05 09:19:51,506 [INFO] ThirdParty:1030 - CMSIS Pack Vendor :STMicroelectronics X-CUBE-AZRTOS-G4 2.0.0
2024-09-05 09:19:51,506 [INFO] ThirdParty:1030 - CMSIS Pack Vendor :STMicroelectronics PDM2PCM 3.1.0
2024-09-05 09:19:51,506 [INFO] ThirdParty:1030 - CMSIS Pack Vendor :STMicroelectronics PDM2PCM 3.3.0
2024-09-05 09:19:51,506 [INFO] ThirdParty:1030 - CMSIS Pack Vendor :STMicroelectronics X-CUBE-DISPLAY 3.0.0
2024-09-05 09:19:51,506 [INFO] ThirdParty:1030 - CMSIS Pack Vendor :RealThread X-CUBE-RT-Thread_Nano 4.1.1
2024-09-05 09:19:51,506 [INFO] ThirdParty:1030 - CMSIS Pack Vendor :wolfSSL I-CUBE-wolfSSL 5.7.0
2024-09-05 09:19:51,506 [INFO] ThirdParty:1030 - CMSIS Pack Vendor :STMicroelectronics FP-SNS-MOTENVWB1 1.3.1
2024-09-05 09:19:51,506 [INFO] ThirdParty:1030 - CMSIS Pack Vendor :STMicroelectronics X-CUBE-BLE1 7.0.0
2024-09-05 09:19:51,506 [INFO] ThirdParty:1030 - CMSIS Pack Vendor :STMicroelectronics FP-ATR-SIGFOX1 3.2.0
2024-09-05 09:19:51,506 [INFO] ThirdParty:1030 - CMSIS Pack Vendor :STMicroelectronics X-CUBE-ISPU 2.0.0
2024-09-05 09:19:51,506 [INFO] ThirdParty:1030 - CMSIS Pack Vendor :STMicroelectronics X-CUBE-EEPRMA1 5.1.0
2024-09-05 09:19:51,506 [INFO] ThirdParty:1030 - CMSIS Pack Vendor :STMicroelectronics HAL Drivers 0.0.0
2024-09-05 09:19:51,506 [INFO] ThirdParty:1030 - CMSIS Pack Vendor :STMicroelectronics MBEDTLS 2.16.2
2024-09-05 09:19:51,506 [INFO] ThirdParty:1030 - CMSIS Pack Vendor :STMicroelectronics X-CUBE-ALS 1.0.2
2024-09-05 09:19:51,506 [INFO] ThirdParty:1030 - CMSIS Pack Vendor :emotas I-CUBE-CANOPEN 1.3.0
2024-09-05 09:19:51,506 [INFO] ThirdParty:1030 - CMSIS Pack Vendor :STMicroelectronics X-CUBE-MEMS1 10.0.0
2024-09-05 09:19:51,506 [INFO] ThirdParty:1030 - CMSIS Pack Vendor :STMicroelectronics X-CUBE-FREERTOS 1.1.0
2024-09-05 09:19:51,506 [INFO] ThirdParty:1030 - CMSIS Pack Vendor :STMicroelectronics X-CUBE-NFC7 1.0.1
2024-09-05 09:19:51,506 [INFO] ThirdParty:1030 - CMSIS Pack Vendor :STMicroelectronics MBEDTLS 2.14.1
2024-09-05 09:19:51,506 [INFO] ThirdParty:1030 - CMSIS Pack Vendor :STMicroelectronics X-CUBE-TOUCHGFX 4.24.0
2024-09-05 09:19:51,506 [INFO] ThirdParty:1030 - CMSIS Pack Vendor :ITTIA_DB I-CUBE-ITTIADB 8.9.0
2024-09-05 09:19:51,506 [INFO] ThirdParty:1030 - CMSIS Pack Vendor :wolfSSL I-CUBE-wolfTPM 3.4.0
2024-09-05 09:19:51,506 [INFO] ThirdParty:1030 - CMSIS Pack Vendor :portGmbH I-Cube-SoM-uGOAL 1.1.0
2024-09-05 09:19:51,506 [INFO] ThirdParty:1030 - CMSIS Pack Vendor :STMicroelectronics X-CUBE-ALS 1.0.1
2024-09-05 09:19:51,506 [INFO] ThirdParty:1030 - CMSIS Pack Vendor :STMicroelectronics X-CUBE-BLEMGR 3.1.0
2024-09-05 09:19:51,506 [INFO] ThirdParty:1030 - CMSIS Pack Vendor :STMicroelectronics ThreadX 1.0.0
2024-09-05 09:19:51,506 [INFO] ThirdParty:1030 - CMSIS Pack Vendor :STMicroelectronics FP-SNS-SMARTAG2 1.2.0
2024-09-05 09:19:51,506 [INFO] ThirdParty:1030 - CMSIS Pack Vendor :STMicroelectronics X-CUBE-AZRTOS-WL 2.0.0
2024-09-05 09:19:51,506 [INFO] ThirdParty:1030 - CMSIS Pack Vendor :SEGGER I-CUBE-embOS 1.3.1
2024-09-05 09:19:51,506 [INFO] ThirdParty:1030 - CMSIS Pack Vendor :STMicroelectronics X-CUBE-ALGOBUILD 1.4.0
2024-09-05 09:19:51,507 [INFO] ThirdParty:1030 - CMSIS Pack Vendor :STMicroelectronics FP-SNS-MOTENV1 5.0.0
2024-09-05 09:19:51,507 [INFO] ThirdParty:1030 - CMSIS Pack Vendor :STMicroelectronics USB_DEVICE 1.0.0
2024-09-05 09:19:51,507 [INFO] ThirdParty:1030 - CMSIS Pack Vendor :STMicroelectronics X-CUBE-AI 8.1.0
2024-09-05 09:19:51,507 [INFO] ThirdParty:1030 - CMSIS Pack Vendor :STMicroelectronics X-CUBE-AZRTOS-H7RS 1.0.0
2024-09-05 09:19:51,507 [INFO] ThirdParty:1030 - CMSIS Pack Vendor :wolfSSL I-CUBE-wolfMQTT 1.19.0
2024-09-05 09:19:51,507 [INFO] ThirdParty:1030 - CMSIS Pack Vendor :STMicroelectronics X-CUBE-AZRTOS-L4 2.0.0
2024-09-05 09:19:51,507 [INFO] ThirdParty:1030 - CMSIS Pack Vendor :STMicroelectronics ThreadX 0.0.2
2024-09-05 09:19:51,507 [INFO] ThirdParty:1030 - CMSIS Pack Vendor :WES I-CUBE-Cesium 1.3.0
2024-09-05 09:19:51,507 [INFO] ThirdParty:1030 - CMSIS Pack Vendor :STMicroelectronics FP-ATR-ASTRA1 2.0.0
2024-09-05 09:19:51,507 [INFO] ThirdParty:1030 - CMSIS Pack Vendor :STMicroelectronics lwIP 2.1.2
2024-09-05 09:19:51,507 [INFO] ThirdParty:1030 - CMSIS Pack Vendor :STMicroelectronics X-CUBE-SFXS2LP1 4.0.0
2024-09-05 09:19:51,507 [INFO] ThirdParty:1030 - CMSIS Pack Vendor :STMicroelectronics X-CUBE-BLE2 3.3.0
2024-09-05 09:19:51,507 [INFO] ThirdParty:1030 - CMSIS Pack Vendor :STMicroelectronics X-CUBE-TOF1 3.4.2
2024-09-05 09:19:51,507 [INFO] ThirdParty:1030 - CMSIS Pack Vendor :STMicroelectronics X-CUBE-TOF1 3.4.1
2024-09-05 09:19:51,507 [INFO] ThirdParty:1030 - CMSIS Pack Vendor :STMicroelectronics X-CUBE-AZRTOS-H7 3.2.0
2024-09-05 09:19:51,507 [INFO] ThirdParty:1030 - CMSIS Pack Vendor :Infineon AIROC-Wi-Fi-Bluetooth-STM32 1.6.0
2024-09-05 09:19:51,507 [INFO] ThirdParty:1030 - CMSIS Pack Vendor :STMicroelectronics PDM2PCM 3.2.0
2024-09-05 09:19:51,507 [INFO] ThirdParty:1030 - CMSIS Pack Vendor :wolfSSL I-CUBE-wolfSSH 1.4.17
2024-09-05 09:19:51,507 [INFO] ThirdParty:841 - exiting critical section [change project]
2024-09-05 09:19:51,667 [INFO] PinOutPanel:1561 - setPackage(No Configuration,No Configuration)
2024-09-05 09:19:51,668 [INFO] PinOutPanel:1561 - setPackage(STM32F405RGTx,LQFP64)
2024-09-05 09:19:51,879 [INFO] UtilMem:75 - Before build in PCC Used Memory: 588787296 Bytes (1058013184)
2024-09-05 09:19:52,466 [INFO] UtilMem:75 - After build in PCC Used Memory: 648589416 Bytes (1058013184)
2024-09-05 09:19:52,582 [INFO] ApiDbMcu:508 - Load IP Config File for FREERTOS
2024-09-05 09:19:52,592 [INFO] ApiDbMcu:508 - Load IP Config File for USB_DEVICE
2024-09-05 09:19:52,608 [INFO] IPUIPlugin:80 - create IPUIPlugin
2024-09-05 09:19:52,608 [INFO] IPUIPlugin:80 - create IPUIPlugin
2024-09-05 09:19:52,608 [INFO] IPUIPlugin:80 - create IPUIPlugin
2024-09-05 09:19:52,608 [INFO] IPUIPlugin:80 - create IPUIPlugin
2024-09-05 09:19:52,608 [INFO] IPUIPlugin:80 - create IPUIPlugin
2024-09-05 09:19:52,608 [INFO] IPUIPlugin:80 - create IPUIPlugin
2024-09-05 09:19:52,608 [INFO] IPUIPlugin:80 - create IPUIPlugin
2024-09-05 09:19:52,608 [INFO] IPUIPlugin:80 - create IPUIPlugin
2024-09-05 09:19:52,608 [INFO] IPUIPlugin:80 - create IPUIPlugin
2024-09-05 09:19:52,608 [INFO] IPUIPlugin:80 - create IPUIPlugin
2024-09-05 09:19:52,608 [INFO] IPUIPlugin:80 - create IPUIPlugin
2024-09-05 09:19:52,609 [INFO] IPUIPlugin:80 - create IPUIPlugin
2024-09-05 09:19:52,609 [INFO] IPUIPlugin:80 - create IPUIPlugin
2024-09-05 09:19:52,609 [INFO] IPUIPlugin:80 - create IPUIPlugin
2024-09-05 09:19:52,609 [INFO] IPUIPlugin:80 - create IPUIPlugin
2024-09-05 09:19:52,609 [INFO] IPUIPlugin:80 - create IPUIPlugin
2024-09-05 09:19:52,609 [INFO] IPUIPlugin:80 - create IPUIPlugin
2024-09-05 09:19:52,609 [INFO] IPUIPlugin:80 - create IPUIPlugin
2024-09-05 09:19:52,609 [INFO] IPUIPlugin:80 - create IPUIPlugin
2024-09-05 09:19:52,609 [INFO] IPUIPlugin:80 - create IPUIPlugin
2024-09-05 09:19:52,609 [INFO] IPUIPlugin:80 - create IPUIPlugin
2024-09-05 09:19:52,609 [INFO] IPUIPlugin:80 - create IPUIPlugin
2024-09-05 09:19:52,609 [INFO] IPUIPlugin:80 - create IPUIPlugin
2024-09-05 09:19:52,609 [INFO] IPUIPlugin:80 - create IPUIPlugin
2024-09-05 09:19:52,609 [INFO] IPUIPlugin:80 - create IPUIPlugin
2024-09-05 09:19:52,609 [INFO] IPUIPlugin:80 - create IPUIPlugin
2024-09-05 09:19:52,609 [INFO] IPUIPlugin:80 - create IPUIPlugin
2024-09-05 09:19:52,609 [INFO] IPUIPlugin:80 - create IPUIPlugin
2024-09-05 09:19:52,610 [INFO] IPUIPlugin:80 - create IPUIPlugin
2024-09-05 09:19:52,610 [INFO] IPUIPlugin:80 - create IPUIPlugin
2024-09-05 09:19:52,610 [INFO] IPUIPlugin:80 - create IPUIPlugin
2024-09-05 09:19:52,610 [INFO] IPUIPlugin:80 - create IPUIPlugin
2024-09-05 09:19:52,610 [INFO] IPUIPlugin:80 - create IPUIPlugin
2024-09-05 09:19:52,610 [INFO] IPUIPlugin:80 - create IPUIPlugin
2024-09-05 09:19:52,610 [INFO] IPUIPlugin:80 - create IPUIPlugin
2024-09-05 09:19:52,610 [INFO] IPUIPlugin:80 - create IPUIPlugin
2024-09-05 09:19:52,610 [INFO] IPUIPlugin:80 - create IPUIPlugin
2024-09-05 09:19:52,610 [INFO] IPUIPlugin:80 - create IPUIPlugin
2024-09-05 09:19:52,610 [INFO] IPUIPlugin:80 - create IPUIPlugin
2024-09-05 09:19:52,611 [INFO] IPUIPlugin:80 - create IPUIPlugin
2024-09-05 09:19:52,611 [INFO] IPUIPlugin:80 - create IPUIPlugin
2024-09-05 09:19:52,611 [INFO] IPUIPlugin:80 - create IPUIPlugin
2024-09-05 09:19:52,611 [INFO] IPUIPlugin:80 - create IPUIPlugin
2024-09-05 09:19:52,611 [INFO] IPUIPlugin:80 - create IPUIPlugin
2024-09-05 09:19:52,611 [INFO] IPUIPlugin:80 - create IPUIPlugin
2024-09-05 09:19:52,611 [INFO] IPUIPlugin:80 - create IPUIPlugin
2024-09-05 09:19:52,611 [INFO] IPUIPlugin:80 - create IPUIPlugin
2024-09-05 09:19:52,611 [INFO] IPUIPlugin:80 - create IPUIPlugin
2024-09-05 09:19:52,612 [INFO] IPUIPlugin:80 - create IPUIPlugin
2024-09-05 09:19:52,612 [INFO] IPUIPlugin:80 - create IPUIPlugin
2024-09-05 09:19:52,612 [INFO] IPUIPlugin:80 - create IPUIPlugin
2024-09-05 09:19:52,612 [INFO] IPUIPlugin:80 - create IPUIPlugin
2024-09-05 09:19:52,612 [INFO] IPUIPlugin:80 - create IPUIPlugin
2024-09-05 09:19:52,613 [INFO] IPUIPlugin:80 - create IPUIPlugin
2024-09-05 09:19:52,622 [INFO] ApiDbMcu:508 - Load IP Config File for PDM2PCM
2024-09-05 09:19:52,642 [WARN] IP:2191 - I2C_Coeff_DF not found: check if there is a RefParameter without a condition.
2024-09-05 09:19:52,642 [WARN] IP:2191 - Analog_Filter not found: check if there is a RefParameter without a condition.
2024-09-05 09:19:52,644 [WARN] IP:2191 - I2C_Coeff_DF not found: check if there is a RefParameter without a condition.
2024-09-05 09:19:52,644 [WARN] IP:2191 - Analog_Filter not found: check if there is a RefParameter without a condition.
2024-09-05 09:19:52,672 [WARN] FreeRTOS:1023 - Null or empty value: should not occur! (nothing added to the table)
2024-09-05 09:19:52,814 [INFO] CADModel:165 - CPN selected for project levelSTM32F405RGT6
2024-09-05 09:19:52,814 [INFO] CADModel:114 - Register for checkConnection events
2024-09-05 09:19:52,815 [INFO] RtosManager:697 - Active RTOS found at IOC load: FREERTOS [Cortex-M4NS]
2024-09-05 09:19:52,858 [INFO] OpenFileManager:363 - Restore cursor
2024-09-05 09:19:52,937 [WARN] IP:2191 - DEVICE_SERIAL0_CUSTOM_HID_HS not found: check if there is a RefParameter without a condition.
2024-09-05 09:19:52,937 [WARN] IP:2191 - DEVICE_SERIAL1_CUSTOM_HID_HS not found: check if there is a RefParameter without a condition.
2024-09-05 09:19:52,937 [WARN] IP:2191 - DEVICE_SERIAL2_CUSTOM_HID_HS not found: check if there is a RefParameter without a condition.
2024-09-05 09:19:52,937 [WARN] IP:2191 - DEVICE_SERIAL0_CUSTOM_HID_HS not found: check if there is a RefParameter without a condition.
2024-09-05 09:19:52,937 [WARN] IP:2191 - DEVICE_SERIAL1_CUSTOM_HID_HS not found: check if there is a RefParameter without a condition.
2024-09-05 09:19:52,937 [WARN] IP:2191 - DEVICE_SERIAL2_CUSTOM_HID_HS not found: check if there is a RefParameter without a condition.
2024-09-05 09:19:52,966 [WARN] IP:2191 - I2C_Coeff_DF not found: check if there is a RefParameter without a condition.
2024-09-05 09:19:52,966 [WARN] IP:2191 - Analog_Filter not found: check if there is a RefParameter without a condition.
2024-09-05 09:19:52,966 [WARN] IP:2191 - I2C_Coeff_DF not found: check if there is a RefParameter without a condition.
2024-09-05 09:19:52,966 [WARN] IP:2191 - Analog_Filter not found: check if there is a RefParameter without a condition.
2024-09-05 09:19:52,968 [WARN] IP:2191 - I2C_Coeff_DF not found: check if there is a RefParameter without a condition.
2024-09-05 09:19:52,968 [WARN] IP:2191 - Analog_Filter not found: check if there is a RefParameter without a condition.
2024-09-05 09:19:52,968 [WARN] IP:2191 - I2C_Coeff_DF not found: check if there is a RefParameter without a condition.
2024-09-05 09:19:52,968 [WARN] IP:2191 - Analog_Filter not found: check if there is a RefParameter without a condition.
2024-09-05 09:20:19,849 [WARN] IP:2191 - DEVICE_SERIAL0_CUSTOM_HID_HS not found: check if there is a RefParameter without a condition.
2024-09-05 09:20:19,850 [WARN] IP:2191 - DEVICE_SERIAL1_CUSTOM_HID_HS not found: check if there is a RefParameter without a condition.
2024-09-05 09:20:19,850 [WARN] IP:2191 - DEVICE_SERIAL2_CUSTOM_HID_HS not found: check if there is a RefParameter without a condition.
2024-09-05 09:20:19,850 [WARN] IP:2191 - DEVICE_SERIAL0_CUSTOM_HID_HS not found: check if there is a RefParameter without a condition.
2024-09-05 09:20:19,850 [WARN] IP:2191 - DEVICE_SERIAL1_CUSTOM_HID_HS not found: check if there is a RefParameter without a condition.
2024-09-05 09:20:19,850 [WARN] IP:2191 - DEVICE_SERIAL2_CUSTOM_HID_HS not found: check if there is a RefParameter without a condition.
2024-09-05 09:20:19,870 [WARN] IP:2191 - I2C_Coeff_DF not found: check if there is a RefParameter without a condition.
2024-09-05 09:20:19,870 [WARN] IP:2191 - Analog_Filter not found: check if there is a RefParameter without a condition.
2024-09-05 09:20:19,870 [WARN] IP:2191 - I2C_Coeff_DF not found: check if there is a RefParameter without a condition.
2024-09-05 09:20:19,870 [WARN] IP:2191 - Analog_Filter not found: check if there is a RefParameter without a condition.
2024-09-05 09:20:19,871 [WARN] IP:2191 - I2C_Coeff_DF not found: check if there is a RefParameter without a condition.
2024-09-05 09:20:19,871 [WARN] IP:2191 - Analog_Filter not found: check if there is a RefParameter without a condition.
2024-09-05 09:20:19,872 [WARN] IP:2191 - I2C_Coeff_DF not found: check if there is a RefParameter without a condition.
2024-09-05 09:20:19,872 [WARN] IP:2191 - Analog_Filter not found: check if there is a RefParameter without a condition.
2024-09-05 09:20:19,890 [WARN] IP:2191 - DEVICE_SERIAL0_CUSTOM_HID_HS not found: check if there is a RefParameter without a condition.
2024-09-05 09:20:19,890 [WARN] IP:2191 - DEVICE_SERIAL1_CUSTOM_HID_HS not found: check if there is a RefParameter without a condition.
2024-09-05 09:20:19,890 [WARN] IP:2191 - DEVICE_SERIAL2_CUSTOM_HID_HS not found: check if there is a RefParameter without a condition.
2024-09-05 09:20:19,891 [WARN] IP:2191 - DEVICE_SERIAL0_CUSTOM_HID_HS not found: check if there is a RefParameter without a condition.
2024-09-05 09:20:19,891 [WARN] IP:2191 - DEVICE_SERIAL1_CUSTOM_HID_HS not found: check if there is a RefParameter without a condition.
2024-09-05 09:20:19,891 [WARN] IP:2191 - DEVICE_SERIAL2_CUSTOM_HID_HS not found: check if there is a RefParameter without a condition.
2024-09-05 09:20:19,911 [WARN] IP:2191 - I2C_Coeff_DF not found: check if there is a RefParameter without a condition.
2024-09-05 09:20:19,911 [WARN] IP:2191 - Analog_Filter not found: check if there is a RefParameter without a condition.
2024-09-05 09:20:19,911 [WARN] IP:2191 - I2C_Coeff_DF not found: check if there is a RefParameter without a condition.
2024-09-05 09:20:19,911 [WARN] IP:2191 - Analog_Filter not found: check if there is a RefParameter without a condition.
2024-09-05 09:20:19,912 [WARN] IP:2191 - I2C_Coeff_DF not found: check if there is a RefParameter without a condition.
2024-09-05 09:20:19,912 [WARN] IP:2191 - Analog_Filter not found: check if there is a RefParameter without a condition.
2024-09-05 09:20:19,912 [WARN] IP:2191 - I2C_Coeff_DF not found: check if there is a RefParameter without a condition.
2024-09-05 09:20:19,912 [WARN] IP:2191 - Analog_Filter not found: check if there is a RefParameter without a condition.
2024-09-05 09:21:38,720 [ERROR] LogOutputStream:75 - [STDERR_REDIRECT] 
2024-09-05 09:23:39,393 [INFO] Activator:176 - 


2024-09-05 09:23:39,393 [INFO] Activator:177 - !SESSION log4j initialized
2024-09-05 09:23:41,456 [INFO] LogOutputStream:77 - [STDOUT_REDIRECT] 
2024-09-05 09:23:42,340 [INFO] ApplicationProperties:184 - Using Application install path: D:\software\st\STM32CubeIDE_1.15.0\STM32CubeIDE\plugins\com.st.stm32cube.common.mx_6.12.0.202406281431
2024-09-05 09:23:42,350 [INFO] DbMcusXml:78 - Set database path to: D:\software\st\STM32CubeIDE_1.15.0\STM32CubeIDE\plugins\com.st.stm32cube.common.mx_6.12.0.202406281431\\db\/mcu/
2024-09-05 09:23:42,351 [INFO] ApiDb:274 - Set plugin database path to: D:\software\st\STM32CubeIDE_1.15.0\STM32CubeIDE\plugins\com.st.stm32cube.common.mx_6.12.0.202406281431\\db\/plugins/boardmanager/
2024-09-05 09:23:42,351 [WARN] ApiDb:259 - Overriding images path with different value:  => D:\software\st\STM32CubeIDE_1.15.0\STM32CubeIDE\plugins\com.st.stm32cube.common.mx_6.12.0.202406281431\\db\/plugins/mcufinder/images/
2024-09-05 09:23:42,357 [INFO] ApiDb:250 - Set database path to: C:\Users\bashk\.stmcufinder\plugins\mcufinder//mcu/
2024-09-05 09:23:42,357 [INFO] DbMcusAds:125 - Set database path to: C:\Users\bashk\.stmcufinder\plugins\mcufinder//mcu/
2024-09-05 09:23:42,358 [INFO] CrossReferenceDbSqlite:203 - Set database path to: C:\Users\bashk\.stmcufinder\plugins\mcufinder//mcu/cs/
2024-09-05 09:23:42,410 [INFO] RulesReader:64 - Compatibility file has been processed (297 Rules)
2024-09-05 09:23:42,458 [INFO] DbMcusXml:78 - Set database path to: D:\software\st\STM32CubeIDE_1.15.0\STM32CubeIDE\plugins\com.st.stm32cube.common.mx_6.12.0.202406281431\\db\/mcu/
2024-09-05 09:23:42,459 [INFO] ApiDb:274 - Set plugin database path to: D:\software\st\STM32CubeIDE_1.15.0\STM32CubeIDE\plugins\com.st.stm32cube.common.mx_6.12.0.202406281431\\db\/plugins/boardmanager/
2024-09-05 09:23:42,459 [INFO] ApiDb:261 - Set plugin images path to: D:\software\st\STM32CubeIDE_1.15.0\STM32CubeIDE\plugins\com.st.stm32cube.common.mx_6.12.0.202406281431\\db\/plugins/mcufinder/images/
2024-09-05 09:23:42,459 [WARN] DbFile:41 - Overriding database path with different value: C:\Users\bashk\.stmcufinder\plugins\mcufinder/ => C:\Users\bashk\.stmcufinder\plugins\mcufinder
2024-09-05 09:23:42,459 [INFO] ApiDb:250 - Set database path to: C:\Users\bashk\.stmcufinder\plugins\mcufinder//mcu/
2024-09-05 09:23:42,459 [WARN] DbFile:41 - Overriding database path with different value: C:\Users\bashk\.stmcufinder\plugins\mcufinder/ => C:\Users\bashk\.stmcufinder\plugins\mcufinder
2024-09-05 09:23:42,459 [INFO] DbMcusAds:125 - Set database path to: C:\Users\bashk\.stmcufinder\plugins\mcufinder//mcu/
2024-09-05 09:23:42,459 [WARN] DbFile:41 - Overriding database path with different value: C:\Users\bashk\.stmcufinder\plugins\mcufinder/ => C:\Users\bashk\.stmcufinder\plugins\mcufinder
2024-09-05 09:23:42,459 [WARN] DbFile:41 - Overriding database path with different value: C:\Users\bashk\.stmcufinder\plugins\mcufinder/ => C:\Users\bashk\.stmcufinder\plugins\mcufinder
2024-09-05 09:23:42,459 [INFO] CrossReferenceDbSqlite:203 - Set database path to: C:\Users\bashk\.stmcufinder\plugins\mcufinder//mcu/cs/
2024-09-05 09:23:42,499 [INFO] MainPanel:268 - HeapMemory: 268435456
2024-09-05 09:23:42,540 [INFO] DbMcusXml:78 - Set database path to: D:\software\st\STM32CubeIDE_1.15.0\STM32CubeIDE\plugins\com.st.stm32cube.common.mx_6.12.0.202406281431\\db\/mcu/
2024-09-05 09:23:42,540 [INFO] ApiDb:274 - Set plugin database path to: D:\software\st\STM32CubeIDE_1.15.0\STM32CubeIDE\plugins\com.st.stm32cube.common.mx_6.12.0.202406281431\\db\/plugins/boardmanager/
2024-09-05 09:23:42,541 [INFO] ApiDb:261 - Set plugin images path to: D:\software\st\STM32CubeIDE_1.15.0\STM32CubeIDE\plugins\com.st.stm32cube.common.mx_6.12.0.202406281431\\db\/plugins/mcufinder/images/
2024-09-05 09:23:42,541 [WARN] DbFile:41 - Overriding database path with different value: C:\Users\bashk\.stmcufinder\plugins\mcufinder/ => C:\Users\bashk\.stmcufinder\plugins\mcufinder
2024-09-05 09:23:42,541 [INFO] ApiDb:250 - Set database path to: C:\Users\bashk\.stmcufinder\plugins\mcufinder//mcu/
2024-09-05 09:23:42,541 [WARN] DbFile:41 - Overriding database path with different value: C:\Users\bashk\.stmcufinder\plugins\mcufinder/ => C:\Users\bashk\.stmcufinder\plugins\mcufinder
2024-09-05 09:23:42,541 [INFO] DbMcusAds:125 - Set database path to: C:\Users\bashk\.stmcufinder\plugins\mcufinder//mcu/
2024-09-05 09:23:42,541 [WARN] DbFile:41 - Overriding database path with different value: C:\Users\bashk\.stmcufinder\plugins\mcufinder/ => C:\Users\bashk\.stmcufinder\plugins\mcufinder
2024-09-05 09:23:42,541 [WARN] DbFile:41 - Overriding database path with different value: C:\Users\bashk\.stmcufinder\plugins\mcufinder/ => C:\Users\bashk\.stmcufinder\plugins\mcufinder
2024-09-05 09:23:42,541 [INFO] CrossReferenceDbSqlite:203 - Set database path to: C:\Users\bashk\.stmcufinder\plugins\mcufinder//mcu/cs/
2024-09-05 09:23:42,551 [INFO] ApplicationProperties:184 - Using Application install path: D:\software\st\STM32CubeIDE_1.15.0\STM32CubeIDE\plugins\com.st.stm32cube.common.mx_6.12.0.202406281431
2024-09-05 09:23:42,552 [INFO] PluginManage:196 - Search for loadable plugins [exclusion list=, ]
2024-09-05 09:23:42,552 [INFO] PluginManage:310 - Check plugin analytics
2024-09-05 09:23:42,630 [INFO] AnalyticsPlugin:253 - Accepted Software Licenses: STM32CubeMX.6.11.0,STM32CubeMX.6.12.0
2024-09-05 09:23:42,630 [INFO] AnalyticsPlugin:255 - Accepted CMSIS Pack Licenses: 
2024-09-05 09:23:42,630 [INFO] AnalyticsPlugin:257 - Accepted Firmware Licenses: FW.F4.1.28.0
2024-09-05 09:23:42,631 [INFO] PluginManage:359 - Loaded plugin analytics (category:tool,tabindex:-1)
2024-09-05 09:23:42,632 [INFO] PluginManage:310 - Check plugin cadmodel
2024-09-05 09:23:42,634 [INFO] CADModel:105 - Init CAD model plugin
2024-09-05 09:23:42,634 [INFO] PluginManage:359 - Loaded plugin cadmodel (category:power,tabindex:5)
2024-09-05 09:23:42,634 [INFO] PluginManage:310 - Check plugin clock
2024-09-05 09:23:42,638 [INFO] PluginManage:359 - Loaded plugin clock (category:base,tabindex:2)
2024-09-05 09:23:42,638 [INFO] PluginManage:310 - Check plugin ddr
2024-09-05 09:23:42,640 [INFO] PluginManage:359 - Loaded plugin ddr (category:tool,tabindex:6)
2024-09-05 09:23:42,640 [INFO] PluginManage:310 - Check plugin filemanager
2024-09-05 09:23:42,710 [INFO] PluginManage:359 - Loaded plugin filemanager (category:base,tabindex:10)
2024-09-05 09:23:42,710 [INFO] PluginManage:310 - Check plugin ipmanager
2024-09-05 09:23:42,715 [INFO] PluginManage:359 - Loaded plugin ipmanager (category:base,tabindex:5)
2024-09-05 09:23:42,715 [INFO] PluginManage:310 - Check plugin lpbam
2024-09-05 09:23:42,719 [INFO] PluginManage:359 - Loaded plugin lpbam (category:base,tabindex:0)
2024-09-05 09:23:42,719 [INFO] PluginManage:310 - Check plugin memorymap
2024-09-05 09:23:42,724 [INFO] PluginManage:359 - Loaded plugin memorymap (category:base,tabindex:4)
2024-09-05 09:23:42,724 [INFO] PluginManage:310 - Check plugin pinoutandconfiguration
2024-09-05 09:23:42,727 [INFO] PluginManage:359 - Loaded plugin pinoutandconfiguration (category:base,tabindex:1)
2024-09-05 09:23:42,727 [INFO] PluginManage:310 - Check plugin pinoutconfig
2024-09-05 09:23:42,771 [WARN] SupportedApi:132 - Cannot load RTOS API schema: s4s-elt-must-match.1: The content of 'definitions' must match (annotation?, (simpleType | complexType)?, (unique | key | keyref)*)). A problem was found starting at: attribute.
2024-09-05 09:23:42,835 [INFO] PluginManage:359 - Loaded plugin pinoutconfig (category:base,tabindex:0)
2024-09-05 09:23:42,835 [INFO] PluginManage:310 - Check plugin power
2024-09-05 09:23:42,839 [INFO] PluginManage:359 - Loaded plugin power (category:power,tabindex:4)
2024-09-05 09:23:42,839 [INFO] PluginManage:310 - Check plugin projectmanager
2024-09-05 09:23:42,849 [INFO] PluginManage:359 - Loaded plugin projectmanager (category:projectmanager,tabindex:4)
2024-09-05 09:23:42,849 [INFO] PluginManage:310 - Check plugin rif
2024-09-05 09:23:42,852 [INFO] PluginManage:359 - Loaded plugin rif (category:base,tabindex:3)
2024-09-05 09:23:42,852 [INFO] PluginManage:310 - Check plugin thirdparty
2024-09-05 09:23:42,918 [WARN] IntegrityCheckThread:84 - waiting for thirdparty lock release [integrity check]
2024-09-05 09:23:42,918 [INFO] IntegrityCheckThread:86 - entering critical section [integrity check]
2024-09-05 09:23:42,918 [INFO] PluginManage:359 - Loaded plugin thirdparty (category:base,tabindex:-1)
2024-09-05 09:23:42,918 [INFO] PluginManage:310 - Check plugin tools
2024-09-05 09:23:42,918 [INFO] ThirdPartyUpdaterWithRetryManager:70 - Updater plugin not ready yet. [1/15]
2024-09-05 09:23:42,921 [INFO] PluginManage:359 - Loaded plugin tools (category:base,tabindex:7)
2024-09-05 09:23:42,921 [INFO] PluginManage:310 - Check plugin tutovideos
2024-09-05 09:23:43,014 [INFO] PluginManage:359 - Loaded plugin tutovideos (category:base,tabindex:-1)
2024-09-05 09:23:43,014 [INFO] PluginManage:310 - Check plugin updater
2024-09-05 09:23:43,023 [INFO] PluginManage:359 - Loaded plugin updater (category:base,tabindex:12)
2024-09-05 09:23:43,023 [INFO] PluginManage:310 - Check plugin userauth
2024-09-05 09:23:43,026 [INFO] UserAuth:113 - Init User Auth plugin
2024-09-05 09:23:43,026 [INFO] PluginManage:359 - Loaded plugin userauth (category:base,tabindex:14)
2024-09-05 09:23:43,026 [INFO] PluginManage:283 - PluginManage : Loaded plugins [18]
2024-09-05 09:23:43,130 [INFO] PinOutPanel:1561 - setPackage(No Configuration,No Configuration)
2024-09-05 09:23:43,175 [INFO] CADModel:165 - CPN selected for project level
2024-09-05 09:23:43,175 [INFO] CADModel:114 - Register for checkConnection events
2024-09-05 09:23:43,184 [INFO] IPUIPlugin:80 - create IPUIPlugin
2024-09-05 09:23:43,184 [INFO] PluginManager:220 - loadIPPluginJar : add adc
2024-09-05 09:23:43,185 [INFO] IPUIPlugin:80 - create IPUIPlugin
2024-09-05 09:23:43,185 [INFO] PluginManager:220 - loadIPPluginJar : add aes
2024-09-05 09:23:43,186 [INFO] IPUIPlugin:80 - create IPUIPlugin
2024-09-05 09:23:43,186 [INFO] PluginManager:220 - loadIPPluginJar : add can
2024-09-05 09:23:43,187 [INFO] IPUIPlugin:80 - create IPUIPlugin
2024-09-05 09:23:43,187 [INFO] PluginManager:220 - loadIPPluginJar : add comp
2024-09-05 09:23:43,188 [INFO] IPUIPlugin:80 - create IPUIPlugin
2024-09-05 09:23:43,188 [INFO] PluginManager:220 - loadIPPluginJar : add cryp
2024-09-05 09:23:43,189 [INFO] IPUIPlugin:80 - create IPUIPlugin
2024-09-05 09:23:43,189 [INFO] PluginManager:220 - loadIPPluginJar : add ddr_ctrl_phy
2024-09-05 09:23:43,190 [INFO] IPUIPlugin:80 - create IPUIPlugin
2024-09-05 09:23:43,190 [INFO] PluginManager:220 - loadIPPluginJar : add dfsdm
2024-09-05 09:23:43,193 [INFO] IPUIPlugin:80 - create IPUIPlugin
2024-09-05 09:23:43,193 [INFO] PluginManager:220 - loadIPPluginJar : add dma
2024-09-05 09:23:43,194 [INFO] IPUIPlugin:80 - create IPUIPlugin
2024-09-05 09:23:43,194 [INFO] PluginManager:220 - loadIPPluginJar : add dma3
2024-09-05 09:23:43,195 [INFO] IPUIPlugin:80 - create IPUIPlugin
2024-09-05 09:23:43,195 [INFO] PluginManager:220 - loadIPPluginJar : add extmemmanager
2024-09-05 09:23:43,196 [INFO] IPUIPlugin:80 - create IPUIPlugin
2024-09-05 09:23:43,196 [INFO] PluginManager:220 - loadIPPluginJar : add fatfs
2024-09-05 09:23:43,198 [INFO] IPUIPlugin:80 - create IPUIPlugin
2024-09-05 09:23:43,198 [INFO] PluginManager:220 - loadIPPluginJar : add fmc
2024-09-05 09:23:43,200 [INFO] IPUIPlugin:80 - create IPUIPlugin
2024-09-05 09:23:43,200 [INFO] PluginManager:220 - loadIPPluginJar : add freertos
2024-09-05 09:23:43,201 [INFO] IPUIPlugin:80 - create IPUIPlugin
2024-09-05 09:23:43,201 [INFO] PluginManager:220 - loadIPPluginJar : add genericplugin
2024-09-05 09:23:43,202 [INFO] IPUIPlugin:80 - create IPUIPlugin
2024-09-05 09:23:43,202 [INFO] PluginManager:220 - loadIPPluginJar : add gfxmmu
2024-09-05 09:23:43,204 [INFO] IPUIPlugin:80 - create IPUIPlugin
2024-09-05 09:23:43,204 [INFO] PluginManager:220 - loadIPPluginJar : add gic
2024-09-05 09:23:43,205 [INFO] IPUIPlugin:80 - create IPUIPlugin
2024-09-05 09:23:43,205 [INFO] PluginManager:220 - loadIPPluginJar : add gpio
2024-09-05 09:23:43,206 [INFO] IPUIPlugin:80 - create IPUIPlugin
2024-09-05 09:23:43,206 [INFO] PluginManager:220 - loadIPPluginJar : add gtzc
2024-09-05 09:23:43,207 [INFO] IPUIPlugin:80 - create IPUIPlugin
2024-09-05 09:23:43,207 [INFO] PluginManager:220 - loadIPPluginJar : add hash
2024-09-05 09:23:43,208 [INFO] IPUIPlugin:80 - create IPUIPlugin
2024-09-05 09:23:43,208 [INFO] PluginManager:220 - loadIPPluginJar : add i2c
2024-09-05 09:23:43,209 [INFO] IPUIPlugin:80 - create IPUIPlugin
2024-09-05 09:23:43,209 [INFO] PluginManager:220 - loadIPPluginJar : add i2s
2024-09-05 09:23:43,210 [INFO] IPUIPlugin:80 - create IPUIPlugin
2024-09-05 09:23:43,210 [INFO] PluginManager:220 - loadIPPluginJar : add i3c
2024-09-05 09:23:43,212 [INFO] IPUIPlugin:80 - create IPUIPlugin
2024-09-05 09:23:43,212 [INFO] PluginManager:220 - loadIPPluginJar : add ipddr
2024-09-05 09:23:43,216 [INFO] IPUIPlugin:80 - create IPUIPlugin
2024-09-05 09:23:43,216 [INFO] PluginManager:220 - loadIPPluginJar : add linkedlist
2024-09-05 09:23:43,217 [INFO] IPUIPlugin:80 - create IPUIPlugin
2024-09-05 09:23:43,217 [INFO] PluginManager:220 - loadIPPluginJar : add lorawan
2024-09-05 09:23:43,218 [INFO] IPUIPlugin:80 - create IPUIPlugin
2024-09-05 09:23:43,218 [INFO] PluginManager:220 - loadIPPluginJar : add ltdc
2024-09-05 09:23:43,220 [INFO] IPUIPlugin:80 - create IPUIPlugin
2024-09-05 09:23:43,221 [INFO] PluginManager:220 - loadIPPluginJar : add mdma
2024-09-05 09:23:43,222 [INFO] IPUIPlugin:80 - create IPUIPlugin
2024-09-05 09:23:43,222 [INFO] PluginManager:220 - loadIPPluginJar : add nvic
2024-09-05 09:23:43,223 [INFO] IPUIPlugin:80 - create IPUIPlugin
2024-09-05 09:23:43,223 [INFO] PluginManager:220 - loadIPPluginJar : add opamp
2024-09-05 09:23:43,224 [INFO] IPUIPlugin:80 - create IPUIPlugin
2024-09-05 09:23:43,224 [INFO] PluginManager:220 - loadIPPluginJar : add openamp
2024-09-05 09:23:43,225 [INFO] IPUIPlugin:80 - create IPUIPlugin
2024-09-05 09:23:43,225 [INFO] PluginManager:220 - loadIPPluginJar : add pdm2pcm
2024-09-05 09:23:43,228 [INFO] IPUIPlugin:80 - create IPUIPlugin
2024-09-05 09:23:43,229 [INFO] PluginManager:220 - loadIPPluginJar : add plateformsettings
2024-09-05 09:23:43,229 [INFO] IPUIPlugin:80 - create IPUIPlugin
2024-09-05 09:23:43,230 [INFO] PluginManager:220 - loadIPPluginJar : add quadspi
2024-09-05 09:23:43,230 [INFO] IPUIPlugin:80 - create IPUIPlugin
2024-09-05 09:23:43,230 [INFO] PluginManager:220 - loadIPPluginJar : add radio
2024-09-05 09:23:43,232 [INFO] IPUIPlugin:80 - create IPUIPlugin
2024-09-05 09:23:43,232 [INFO] PluginManager:220 - loadIPPluginJar : add resmgrutility
2024-09-05 09:23:43,233 [INFO] IPUIPlugin:80 - create IPUIPlugin
2024-09-05 09:23:43,233 [INFO] PluginManager:220 - loadIPPluginJar : add sai
2024-09-05 09:23:43,234 [INFO] IPUIPlugin:80 - create IPUIPlugin
2024-09-05 09:23:43,234 [INFO] PluginManager:220 - loadIPPluginJar : add spi
2024-09-05 09:23:43,236 [INFO] IPUIPlugin:80 - create IPUIPlugin
2024-09-05 09:23:43,236 [INFO] PluginManager:220 - loadIPPluginJar : add stm32_wpan
2024-09-05 09:23:43,237 [INFO] IPUIPlugin:80 - create IPUIPlugin
2024-09-05 09:23:43,237 [INFO] PluginManager:220 - loadIPPluginJar : add tim
2024-09-05 09:23:43,238 [INFO] IPUIPlugin:80 - create IPUIPlugin
2024-09-05 09:23:43,238 [INFO] PluginManager:220 - loadIPPluginJar : add touchsensing
2024-09-05 09:23:43,239 [INFO] IPUIPlugin:80 - create IPUIPlugin
2024-09-05 09:23:43,239 [INFO] PluginManager:220 - loadIPPluginJar : add tracer_emb
2024-09-05 09:23:43,239 [INFO] IPUIPlugin:80 - create IPUIPlugin
2024-09-05 09:23:43,240 [INFO] PluginManager:220 - loadIPPluginJar : add ts
2024-09-05 09:23:43,240 [INFO] IPUIPlugin:80 - create IPUIPlugin
2024-09-05 09:23:43,240 [INFO] PluginManager:220 - loadIPPluginJar : add tsc
2024-09-05 09:23:43,241 [INFO] IPUIPlugin:80 - create IPUIPlugin
2024-09-05 09:23:43,241 [INFO] PluginManager:220 - loadIPPluginJar : add ucpd
2024-09-05 09:23:43,242 [INFO] IPUIPlugin:80 - create IPUIPlugin
2024-09-05 09:23:43,242 [INFO] PluginManager:220 - loadIPPluginJar : add usart
2024-09-05 09:23:43,243 [INFO] IPUIPlugin:80 - create IPUIPlugin
2024-09-05 09:23:43,243 [INFO] PluginManager:220 - loadIPPluginJar : add usbx
2024-09-05 09:23:43,342 [INFO] CADModel:165 - CPN selected for project level
2024-09-05 09:23:43,342 [INFO] CADModel:114 - Register for checkConnection events
2024-09-05 09:23:43,342 [FATAL] Updater:334 - Updater called before beeing initialized
2024-09-05 09:23:43,342 [ERROR] CADModel:125 - Updater not yet initialized, retry later 
2024-09-05 09:23:43,403 [INFO] CADModel:165 - CPN selected for project level
2024-09-05 09:23:43,403 [INFO] CADModel:114 - Register for checkConnection events
2024-09-05 09:23:43,403 [FATAL] Updater:334 - Updater called before beeing initialized
2024-09-05 09:23:43,403 [ERROR] CADModel:125 - Updater not yet initialized, retry later 
2024-09-05 09:23:43,405 [FATAL] Updater:334 - Updater called before beeing initialized
2024-09-05 09:23:43,464 [FATAL] Updater:334 - Updater called before beeing initialized
2024-09-05 09:23:43,467 [INFO] DbMcusAds:53 - JSON generation date=Thu May 16 02:22:00 PDT 2024 (1715851320667)
2024-09-05 09:23:43,467 [FATAL] Updater:334 - Updater called before beeing initialized
2024-09-05 09:23:43,484 [WARN] DetailPanel:346 - Failed to get advertising image, set to default
2024-09-05 09:23:43,533 [FATAL] Updater:334 - Updater called before beeing initialized
2024-09-05 09:23:43,534 [FATAL] Updater:334 - Updater called before beeing initialized
2024-09-05 09:23:43,534 [FATAL] Updater:334 - Updater called before beeing initialized
2024-09-05 09:23:43,534 [WARN] DetailPanel:346 - Failed to get advertising image, set to default
2024-09-05 09:23:43,535 [FATAL] Updater:334 - Updater called before beeing initialized
2024-09-05 09:23:43,557 [ERROR] Updater:1164 - MainUpdater not yet initialized. External WinMGr cannot be set.
2024-09-05 09:23:43,558 [INFO] Updater:1100 - Updater Version found : 6.12.0
2024-09-05 09:23:43,569 [INFO] ApplicationProperties:184 - Using Application install path: D:\software\st\STM32CubeIDE_1.15.0\STM32CubeIDE\plugins\com.st.stm32cube.common.mx_6.12.0.202406281431
2024-09-05 09:23:45,135 [ERROR] LogOutputStream:75 - [STDERR_REDIRECT] Sep 05, 2024 9:23:45 AM java.util.prefs.WindowsPreferences <init>
2024-09-05 09:23:45,136 [ERROR] LogOutputStream:75 - [STDERR_REDIRECT] WARNING: Could not open/create prefs root node Software\JavaSoft\Prefs at root 0xffffffff80000002. Windows RegCreateKeyEx(...) returned error code 5.
2024-09-05 09:23:45,136 [ERROR] LogOutputStream:75 - [STDERR_REDIRECT] 
2024-09-05 09:23:45,384 [INFO] MainUpdater:2873 - connection check result : 10
2024-09-05 09:23:45,385 [INFO] MainUpdater:290 - Updater Check For Update Now.
2024-09-05 09:23:45,385 [INFO] MicroXplorer:498 - Change Database Version : DB.6.0.120
2024-09-05 09:23:45,393 [INFO] McuFinderGlobals:63 - Set McuFinder mode to 2 (CubeIDE integrated)
2024-09-05 09:23:45,393 [INFO] UserAuth:417 - Internet connection configuration mode: 1
2024-09-05 09:23:45,416 [INFO] JxBrowserEngine:152 - Initiate JxBrowser Engine with user profile folder
2024-09-05 09:23:45,530 [INFO] CheckServerUpdateThread:120 - End of CheckServer Thread
2024-09-05 09:23:45,754 [INFO] WebApp:167 - Instantiating new browser for Auth
2024-09-05 09:23:46,018 [WARN] PackLoader:240 - Cannot read IP mode file for STMicroelectronics.FP-SNS-MOTENVWB1.1.4.0
2024-09-05 09:23:46,026 [WARN] PackLoader:240 - Cannot read IP mode file for STMicroelectronics.X-CUBE-SMBUS.2.1.0
2024-09-05 09:23:46,031 [WARN] PackLoader:240 - Cannot read IP mode file for STMicroelectronics.X-CUBE-TOUCHGFX.4.23.1
2024-09-05 09:23:46,047 [WARN] PackLoader:240 - Cannot read IP mode file for STMicroelectronics.X-CUBE-AZRTOS-F7.1.1.0
2024-09-05 09:23:46,084 [WARN] PackLoader:240 - Cannot read IP mode file for STMicroelectronics.X-CUBE-MEMS1.11.0.0
2024-09-05 09:23:46,144 [WARN] PackLoader:240 - Cannot read IP mode file for STMicroelectronics.FP-SNS-FLIGHT1.5.0.2
2024-09-05 09:23:46,155 [WARN] PackLoader:240 - Cannot read IP mode file for STMicroelectronics.X-CUBE-DISPLAY.3.0.0
2024-09-05 09:23:46,161 [WARN] PackLoader:240 - Cannot read IP mode file for STMicroelectronics.X-CUBE-BLE1.7.0.0
2024-09-05 09:23:46,164 [WARN] PackLoader:240 - Cannot read IP mode file for emotas.I-CUBE-CANOPEN.1.3.0
2024-09-05 09:23:46,169 [WARN] PackLoader:240 - Cannot read IP mode file for STMicroelectronics.X-CUBE-BLEMGR.3.1.0
2024-09-05 09:23:46,172 [WARN] PackLoader:240 - Cannot read IP mode file for STMicroelectronics.FP-SNS-SMARTAG2.1.2.0
2024-09-05 09:23:46,177 [INFO] LogOutputStream:77 - [STDOUT_REDIRECT] 1 : Invalid condition id : UX_CORESTACK_Condition cause : null
2024-09-05 09:23:46,177 [INFO] LogOutputStream:77 - [STDOUT_REDIRECT] 1 : Invalid condition id : UX_CORESTACK_Condition cause : null
2024-09-05 09:23:46,178 [INFO] LogOutputStream:77 - [STDOUT_REDIRECT] 1 : Invalid condition id : UX_CORESTACK_Condition cause : null
2024-09-05 09:23:46,179 [INFO] LogOutputStream:77 - [STDOUT_REDIRECT] 1 : Invalid condition id : UX_CORESTACK_Condition cause : null
2024-09-05 09:23:46,180 [INFO] LogOutputStream:77 - [STDOUT_REDIRECT] 1 : Invalid condition id : UX_CORESTACK_Condition cause : null
2024-09-05 09:23:46,181 [WARN] PackLoader:240 - Cannot read IP mode file for STMicroelectronics.X-CUBE-AZRTOS-WL.2.0.0
2024-09-05 09:23:46,184 [WARN] PackLoader:240 - Cannot read IP mode file for STMicroelectronics.FP-SNS-MOTENV1.5.0.0
2024-09-05 09:23:46,187 [WARN] PackLoader:240 - Cannot read IP mode file for wolfSSL.I-CUBE-wolfMQTT.1.19.0
2024-09-05 09:23:46,193 [WARN] PackLoader:240 - Cannot read IP mode file for WES.I-CUBE-Cesium.1.3.0
2024-09-05 09:23:46,205 [WARN] PackLoader:240 - Cannot read IP mode file for STMicroelectronics.X-CUBE-BLE2.3.3.0
2024-09-05 09:23:46,209 [WARN] PackLoader:240 - Cannot read IP mode file for STMicroelectronics.X-CUBE-TCPP.4.1.0
2024-09-05 09:23:46,213 [WARN] PackLoader:240 - Cannot read IP mode file for STMicroelectronics.X-CUBE-ALGOBUILD.1.3.0
2024-09-05 09:23:46,223 [WARN] PackLoader:240 - Cannot read IP mode file for STMicroelectronics.X-CUBE-AZRTOS-G0.1.1.0
2024-09-05 09:23:46,227 [WARN] PackLoader:240 - Cannot read IP mode file for STMicroelectronics.X-CUBE-SAFEA1.1.2.2
2024-09-05 09:23:46,233 [WARN] PackLoader:240 - Cannot read IP mode file for STMicroelectronics.X-CUBE-NFC4.3.0.0
2024-09-05 09:23:46,252 [WARN] PackLoader:240 - Cannot read IP mode file for EmbeddedOffice.I-CUBE-FS-RTOS.1.0.1
2024-09-05 09:23:46,252 [ERROR] ConditionMgr:805 - Attr not supported : Dmpu
2024-09-05 09:23:46,252 [ERROR] ConditionMgr:805 - Attr not supported : Dmpu
2024-09-05 09:23:46,252 [ERROR] ConditionMgr:805 - Attr not supported : Dmpu
2024-09-05 09:23:46,252 [ERROR] ConditionMgr:805 - Attr not supported : Dmpu
2024-09-05 09:23:46,252 [ERROR] ConditionMgr:805 - Attr not supported : Dmpu
2024-09-05 09:23:46,252 [ERROR] ConditionMgr:805 - Attr not supported : Dmpu
2024-09-05 09:23:46,252 [ERROR] ConditionMgr:805 - Attr not supported : Dmpu
2024-09-05 09:23:46,252 [ERROR] ConditionMgr:805 - Attr not supported : Dmpu
2024-09-05 09:23:46,252 [ERROR] ConditionMgr:805 - Attr not supported : Dmpu
2024-09-05 09:23:46,252 [ERROR] ConditionMgr:805 - Attr not supported : Dmpu
2024-09-05 09:23:46,252 [ERROR] ConditionMgr:805 - Attr not supported : Dmpu
2024-09-05 09:23:46,252 [ERROR] ConditionMgr:805 - Attr not supported : Dmpu
2024-09-05 09:23:46,253 [ERROR] ConditionMgr:805 - Attr not supported : Dmpu
2024-09-05 09:23:46,253 [ERROR] ConditionMgr:805 - Attr not supported : Dmpu
2024-09-05 09:23:46,253 [ERROR] ConditionMgr:805 - Attr not supported : Dmpu
2024-09-05 09:23:46,253 [ERROR] ConditionMgr:805 - Attr not supported : Dmpu
2024-09-05 09:23:46,253 [ERROR] ConditionMgr:805 - Attr not supported : Dmpu
2024-09-05 09:23:46,253 [ERROR] ConditionMgr:805 - Attr not supported : Dmpu
2024-09-05 09:23:46,253 [ERROR] ConditionMgr:805 - Attr not supported : Dmpu
2024-09-05 09:23:46,253 [ERROR] ConditionMgr:805 - Attr not supported : Dmpu
2024-09-05 09:23:46,253 [ERROR] ConditionMgr:805 - Attr not supported : Dmpu
2024-09-05 09:23:46,253 [ERROR] ConditionMgr:805 - Attr not supported : Dmpu
2024-09-05 09:23:46,253 [ERROR] ConditionMgr:805 - Attr not supported : Dmpu
2024-09-05 09:23:46,253 [ERROR] ConditionMgr:805 - Attr not supported : Dmpu
2024-09-05 09:23:46,253 [ERROR] ConditionMgr:805 - Attr not supported : Dmpu
2024-09-05 09:23:46,253 [ERROR] ConditionMgr:805 - Attr not supported : Dmpu
2024-09-05 09:23:46,253 [ERROR] ConditionMgr:805 - Attr not supported : Dmpu
2024-09-05 09:23:46,253 [ERROR] ConditionMgr:805 - Attr not supported : Dmpu
2024-09-05 09:23:46,253 [ERROR] ConditionMgr:805 - Attr not supported : Dmpu
2024-09-05 09:23:46,253 [ERROR] ConditionMgr:805 - Attr not supported : Dmpu
2024-09-05 09:23:46,253 [ERROR] ConditionMgr:805 - Attr not supported : Dmpu
2024-09-05 09:23:46,253 [ERROR] ConditionMgr:805 - Attr not supported : Dmpu
2024-09-05 09:23:46,253 [ERROR] ConditionMgr:805 - Attr not supported : Dmpu
2024-09-05 09:23:46,253 [ERROR] ConditionMgr:805 - Attr not supported : Dmpu
2024-09-05 09:23:46,253 [ERROR] ConditionMgr:805 - Attr not supported : Dmpu
2024-09-05 09:23:46,253 [ERROR] ConditionMgr:805 - Attr not supported : Dmpu
2024-09-05 09:23:46,253 [ERROR] ConditionMgr:805 - Attr not supported : Dmpu
2024-09-05 09:23:46,253 [ERROR] ConditionMgr:805 - Attr not supported : Dmpu
2024-09-05 09:23:46,253 [ERROR] ConditionMgr:805 - Attr not supported : Dmpu
2024-09-05 09:23:46,253 [ERROR] ConditionMgr:805 - Attr not supported : Dmpu
2024-09-05 09:23:46,253 [ERROR] ConditionMgr:805 - Attr not supported : Dmpu
2024-09-05 09:23:46,253 [ERROR] ConditionMgr:805 - Attr not supported : Dmpu
2024-09-05 09:23:46,253 [ERROR] ConditionMgr:805 - Attr not supported : Dmpu
2024-09-05 09:23:46,253 [ERROR] ConditionMgr:805 - Attr not supported : Dmpu
2024-09-05 09:23:46,253 [ERROR] ConditionMgr:805 - Attr not supported : Dmpu
2024-09-05 09:23:46,253 [ERROR] ConditionMgr:805 - Attr not supported : Dmpu
2024-09-05 09:23:46,253 [ERROR] ConditionMgr:805 - Attr not supported : Dmpu
2024-09-05 09:23:46,253 [ERROR] ConditionMgr:805 - Attr not supported : Dmpu
2024-09-05 09:23:46,254 [ERROR] ConditionMgr:805 - Attr not supported : Dmpu
2024-09-05 09:23:46,254 [ERROR] ConditionMgr:805 - Attr not supported : Dmpu
2024-09-05 09:23:46,254 [ERROR] ConditionMgr:805 - Attr not supported : Dmpu
2024-09-05 09:23:46,254 [ERROR] ConditionMgr:805 - Attr not supported : Dmpu
2024-09-05 09:23:46,254 [ERROR] ConditionMgr:805 - Attr not supported : Dmpu
2024-09-05 09:23:46,254 [ERROR] ConditionMgr:805 - Attr not supported : Dmpu
2024-09-05 09:23:46,254 [ERROR] ConditionMgr:805 - Attr not supported : Dmpu
2024-09-05 09:23:46,254 [ERROR] ConditionMgr:805 - Attr not supported : Dmpu
2024-09-05 09:23:46,254 [ERROR] ConditionMgr:805 - Attr not supported : Dmpu
2024-09-05 09:23:46,254 [ERROR] ConditionMgr:805 - Attr not supported : Dmpu
2024-09-05 09:23:46,254 [ERROR] ConditionMgr:805 - Attr not supported : Dmpu
2024-09-05 09:23:46,254 [ERROR] ConditionMgr:805 - Attr not supported : Dmpu
2024-09-05 09:23:46,254 [ERROR] ConditionMgr:805 - Attr not supported : Dmpu
2024-09-05 09:23:46,254 [ERROR] ConditionMgr:805 - Attr not supported : Dmpu
2024-09-05 09:23:46,254 [ERROR] ConditionMgr:805 - Attr not supported : Dmpu
2024-09-05 09:23:46,254 [ERROR] ConditionMgr:805 - Attr not supported : Dmpu
2024-09-05 09:23:46,257 [WARN] PackLoader:240 - Cannot read IP mode file for RealThread.X-CUBE-RT-Thread_Nano.4.1.1
2024-09-05 09:23:46,259 [WARN] PackLoader:240 - Cannot read IP mode file for wolfSSL.I-CUBE-wolfSSL.5.7.0
2024-09-05 09:23:46,263 [WARN] PackLoader:240 - Cannot read IP mode file for STMicroelectronics.FP-ATR-SIGFOX1.3.2.0
2024-09-05 09:23:46,267 [WARN] PackLoader:240 - Cannot read IP mode file for STMicroelectronics.X-CUBE-EEPRMA1.5.1.0
2024-09-05 09:23:46,271 [WARN] PackLoader:240 - Cannot read IP mode file for ITTIA_DB.I-CUBE-ITTIADB.8.9.0
2024-09-05 09:23:46,277 [INFO] WebApp:448 - Apply proxy settings
2024-09-05 09:23:46,278 [INFO] WebApp:533 - Chromium requires no authentication
2024-09-05 09:23:46,286 [WARN] PackLoader:240 - Cannot read IP mode file for SEGGER.I-CUBE-embOS.1.3.1
2024-09-05 09:23:46,302 [WARN] PackLoader:240 - Cannot read IP mode file for STMicroelectronics.X-CUBE-ALGOBUILD.1.4.0
2024-09-05 09:23:46,304 [INFO] WebApp:476 - Direct internet connection detected
2024-09-05 09:23:46,305 [WARN] PackLoader:240 - Cannot read IP mode file for STMicroelectronics.X-CUBE-GNSS1.6.0.0
2024-09-05 09:23:46,312 [WARN] PackLoader:240 - Cannot read IP mode file for STMicroelectronics.X-CUBE-AZRTOS-F4.1.1.0
2024-09-05 09:23:46,316 [WARN] PackLoader:240 - Cannot read IP mode file for STMicroelectronics.X-CUBE-FREERTOS.1.2.0
2024-09-05 09:23:46,324 [WARN] PackLoader:240 - Cannot read IP mode file for STMicroelectronics.X-CUBE-AZRTOS-L5.2.0.0
2024-09-05 09:23:46,329 [WARN] PackLoader:240 - Cannot read IP mode file for STMicroelectronics.X-CUBE-NFC6.3.1.0
2024-09-05 09:23:46,332 [WARN] PackLoader:240 - Cannot read IP mode file for STMicroelectronics.X-CUBE-DPower.1.2.0
2024-09-05 09:23:46,334 [WARN] PackLoader:240 - Cannot read IP mode file for STMicroelectronics.X-CUBE-AI.9.0.0
2024-09-05 09:23:46,337 [WARN] PackLoader:240 - Cannot read IP mode file for STMicroelectronics.X-CUBE-NFC7.1.0.1
2024-09-05 09:23:46,340 [WARN] PackLoader:240 - Cannot read IP mode file for STMicroelectronics.X-CUBE-AI.8.1.0
2024-09-05 09:23:46,347 [WARN] ConditionMgr:438 - getConditionDescription Invalid condition id : LAN8742 Phy interface Condition cause : null
2024-09-05 09:23:46,347 [WARN] PackLoader:240 - Cannot read IP mode file for STMicroelectronics.X-CUBE-AZRTOS-L4.2.0.0
2024-09-05 09:23:46,348 [WARN] ConditionMgr:1039 - genDependencies : Invalid condition id : LAN8742 Phy interface Condition cause : null
2024-09-05 09:23:46,348 [WARN] ConditionMgr:1039 - genDependencies : Invalid condition id : LAN8742 Phy interface Condition cause : null
2024-09-05 09:23:46,348 [WARN] ConditionMgr:1039 - genDependencies : Invalid condition id : LAN8742 Phy interface Condition cause : null
2024-09-05 09:23:46,352 [WARN] PackLoader:240 - Cannot read IP mode file for STMicroelectronics.X-CUBE-SFXS2LP1.4.0.0
2024-09-05 09:23:46,359 [WARN] PackLoader:240 - Cannot read IP mode file for STMicroelectronics.X-CUBE-AZRTOS-H7.3.3.0
2024-09-05 09:23:46,365 [WARN] ConditionMgr:438 - getConditionDescription Invalid condition id : UX DEVICE CLASS RTOS Condition cause : null
2024-09-05 09:23:46,365 [WARN] ConditionMgr:438 - getConditionDescription Invalid condition id : UX DEVICE CLASS RTOS Condition cause : null
2024-09-05 09:23:46,366 [WARN] PackLoader:240 - Cannot read IP mode file for STMicroelectronics.X-CUBE-AZRTOS-WB.2.0.0
2024-09-05 09:23:46,366 [WARN] ConditionMgr:1039 - genDependencies : Invalid condition id : UX DEVICE CLASS RTOS Condition cause : null
2024-09-05 09:23:46,366 [WARN] ConditionMgr:1039 - genDependencies : Invalid condition id : UX DEVICE CLASS RTOS Condition cause : null
2024-09-05 09:23:46,366 [WARN] ConditionMgr:1039 - genDependencies : Invalid condition id : UX DEVICE CLASS RTOS Condition cause : null
2024-09-05 09:23:46,366 [WARN] ConditionMgr:1039 - genDependencies : Invalid condition id : UX DEVICE CLASS RTOS Condition cause : null
2024-09-05 09:23:46,366 [WARN] ConditionMgr:1039 - genDependencies : Invalid condition id : UX DEVICE CLASS RTOS Condition cause : null
2024-09-05 09:23:46,371 [WARN] PackLoader:240 - Cannot read IP mode file for STMicroelectronics.FP-SNS-STBOX1.2.0.0
2024-09-05 09:23:46,376 [WARN] PackLoader:240 - Cannot read IP mode file for STMicroelectronics.X-CUBE-SUBG2.5.0.0
2024-09-05 09:23:46,380 [WARN] PackLoader:240 - Cannot read IP mode file for Cesanta.I-CUBE-Mongoose.7.13.0
2024-09-05 09:23:46,385 [WARN] PackLoader:240 - Cannot read IP mode file for STMicroelectronics.X-CUBE-AZRTOS-G4.2.0.0
2024-09-05 09:23:46,387 [WARN] PackLoader:240 - Cannot read IP mode file for STMicroelectronics.FP-SNS-MOTENVWB1.1.3.1
2024-09-05 09:23:46,391 [WARN] PackLoader:240 - Cannot read IP mode file for STMicroelectronics.X-CUBE-ISPU.2.0.0
2024-09-05 09:23:46,393 [WARN] PackLoader:240 - Cannot read IP mode file for STMicroelectronics.X-CUBE-ALS.1.0.2
2024-09-05 09:23:46,396 [INFO] WebApp:869 - Register for checkConnection events
2024-09-05 09:23:46,396 [INFO] WebApp:448 - Apply proxy settings
2024-09-05 09:23:46,396 [INFO] WebApp:533 - Chromium requires no authentication
2024-09-05 09:23:46,397 [INFO] WebApp:476 - Direct internet connection detected
2024-09-05 09:23:46,406 [WARN] PackLoader:240 - Cannot read IP mode file for STMicroelectronics.X-CUBE-MEMS1.10.0.0
2024-09-05 09:23:46,455 [WARN] PackLoader:240 - Cannot read IP mode file for STMicroelectronics.X-CUBE-FREERTOS.1.1.0
2024-09-05 09:23:46,457 [WARN] PackLoader:240 - Cannot read IP mode file for STMicroelectronics.X-CUBE-TOUCHGFX.4.24.0
2024-09-05 09:23:46,459 [WARN] PackLoader:240 - Cannot read IP mode file for wolfSSL.I-CUBE-wolfTPM.3.4.0
2024-09-05 09:23:46,461 [WARN] PackLoader:240 - Cannot read IP mode file for portGmbH.I-Cube-SoM-uGOAL.1.1.0
2024-09-05 09:23:46,463 [WARN] PackLoader:240 - Cannot read IP mode file for STMicroelectronics.X-CUBE-ALS.1.0.1
2024-09-05 09:23:46,469 [WARN] PackLoader:240 - Cannot read IP mode file for STMicroelectronics.X-CUBE-AZRTOS-H7RS.1.0.0
2024-09-05 09:23:46,472 [WARN] PackLoader:240 - Cannot read IP mode file for STMicroelectronics.FP-ATR-ASTRA1.2.0.0
2024-09-05 09:23:46,477 [WARN] PackLoader:240 - Cannot read IP mode file for STMicroelectronics.X-CUBE-TOF1.3.4.2
2024-09-05 09:23:46,484 [WARN] PackLoader:240 - Cannot read IP mode file for STMicroelectronics.X-CUBE-TOF1.3.4.1
2024-09-05 09:23:46,494 [WARN] PackLoader:240 - Cannot read IP mode file for STMicroelectronics.X-CUBE-AZRTOS-H7.3.2.0
2024-09-05 09:23:46,500 [WARN] PackLoader:240 - Cannot read IP mode file for Infineon.AIROC-Wi-Fi-Bluetooth-STM32.1.6.0
2024-09-05 09:23:46,504 [WARN] PackLoader:240 - Cannot read IP mode file for wolfSSL.I-CUBE-wolfSSH.1.4.17
2024-09-05 09:23:46,505 [INFO] ThirdParty:978 - Integrity check success = true
2024-09-05 09:23:46,505 [INFO] IntegrityCheckThread:100 - exiting critical section [integrity check]
2024-09-05 09:23:46,505 [INFO] IntegrityCheckThread:103 - End integrity checks thread
2024-09-05 09:23:46,568 [INFO] WebApp:186 - Connection restablished
2024-09-05 09:23:46,925 [INFO] WebApp:220 - Starting web application
2024-09-05 09:23:46,925 [INFO] WebApp:578 - Web application path used D:\software\st\STM32CubeIDE_1.15.0\STM32CubeIDE\plugins\com.st.stm32cube.common.mx_6.12.0.202406281431\db\plugins\mcufinder\reactClient1\index.html
2024-09-05 09:23:46,973 [INFO] UserAuth:417 - Internet connection configuration mode: 1
2024-09-05 09:29:49,221 [INFO] McuFinderGlobals:63 - Set McuFinder mode to 2 (CubeIDE integrated)
2024-09-05 09:29:49,222 [INFO] MainUpdater:2873 - connection check result : 10
2024-09-05 09:29:49,223 [INFO] McuFinderGlobals:76 - Set McuFinderConnectedMode to true
2024-09-05 09:29:49,939 [INFO] ServerAccessManage:473 - Download File mcusAds.json._tmp_
2024-09-05 09:29:50,045 [INFO] LoadUrlFilesThread:156 - End of LoadUrlFiles Thread
2024-09-05 09:29:50,252 [INFO] ServerAccessManage:473 - Download File cube-finder-db.zip
2024-09-05 09:29:53,657 [INFO] FileExtend:240 - Unzip File : cube-finder-db.zip
2024-09-05 09:29:53,657 [INFO] FileExtend:255 - Standard Zip Deflate
2024-09-05 09:29:54,114 [INFO] LoadUrlFilesThread:156 - End of LoadUrlFiles Thread
2024-09-05 09:29:55,132 [INFO] ServerAccessManage:473 - Download File crdb.zip
2024-09-05 09:29:56,120 [INFO] FileExtend:240 - Unzip File : crdb.zip
2024-09-05 09:29:56,120 [INFO] FileExtend:255 - Standard Zip Deflate
2024-09-05 09:29:56,237 [INFO] LoadUrlFilesThread:156 - End of LoadUrlFiles Thread
2024-09-05 09:29:56,307 [INFO] ServerAccessManage:473 - Download File tutoVideoDB.zip
2024-09-05 09:29:56,311 [INFO] FileExtend:240 - Unzip File : tutoVideoDB.zip
2024-09-05 09:29:56,311 [INFO] FileExtend:255 - Standard Zip Deflate
2024-09-05 09:29:56,427 [INFO] LoadUrlFilesThread:156 - End of LoadUrlFiles Thread
2024-09-05 09:29:56,429 [WARN] DbFile:41 - Overriding database path with different value: C:\Users\bashk\.stmcufinder\plugins\mcufinder/ => C:\Users\bashk\.stmcufinder\plugins\mcufinder
2024-09-05 09:29:56,565 [INFO] ServerAccessManage:473 - Download File api_config.json
2024-09-05 09:29:56,673 [INFO] LoadUrlFilesThread:156 - End of LoadUrlFiles Thread
2024-09-05 09:29:56,674 [INFO] DbMcusAds:53 - JSON generation date=Thu May 16 02:22:00 PDT 2024 (1715851320667)
2024-09-05 09:29:56,682 [INFO] LoadUrlFilesThread:185 - End of LoadServerUrlFiles without Thread
2024-09-05 09:29:56,682 [INFO] TargetSelectorAdapter:259 - Refresh data is successful
2024-09-05 09:29:56,751 [INFO] ApiDb:581 - Connected to CubeFinder SQLite database (C:\Users\bashk\.stmcufinder\plugins\mcufinder\mcu\cube-finder-db.db)
2024-09-05 09:29:56,783 [INFO] ApiDb:668 - CubeFinder database Data Model version=2.1
2024-09-05 09:29:56,783 [INFO] ApiDb:669 - CubeFinder database Configuration version=3.0.39
2024-09-05 09:29:56,783 [INFO] ApiDb:670 - CubeFinder database generation date=2024-08-06 (1722941618)
2024-09-05 09:29:56,783 [INFO] ApiDb:671 - CubeFinder database FW Pack versions=[FP-ATR-ASTRA1_V2.0.0, FP-SNS-FLIGHT1_V5.0.2, FP-SNS-MOTENV1_V5.0.0, FP-SNS-MOTENVWB1_V1.4.0, FP-SNS-SMARTAG2_V1.2.0, FP-SNS-STBOX1_V2.0.0, STM32Cube_FW_C0_V1.2.0, STM32Cube_FW_F4_V1.28.0, STM32Cube_FW_F7_V1.17.2, STM32Cube_FW_G0_V1.6.2, STM32Cube_FW_G4_V1.6.0, STM32Cube_FW_H5_V1.3.0, STM32Cube_FW_H7RS_V1.1.0, STM32Cube_FW_H7_V1.11.2, STM32Cube_FW_L0_V1.12.2, STM32Cube_FW_L5_V1.5.1, STM32Cube_FW_U0_V1.1.0, STM32Cube_FW_U5_V1.6.0, STM32Cube_FW_WB0_V1.0.0, STM32Cube_FW_WBA_V1.4.1, STM32Cube_FW_WB_V1.20.0, STM32Cube_FW_WL_V1.3.0, X-CUBE-ALGOBUILD_V1.4.0, X-CUBE-ALS_V1.0.2, X-CUBE-AZRTOS-F4_V1.1.0, X-CUBE-AZRTOS-F7_V1.1.0, X-CUBE-AZRTOS-G0_V1.1.0, X-CUBE-AZRTOS-G4_V2.0.0, X-CUBE-AZRTOS-H7RS_V1.0.0, X-CUBE-AZRTOS-H7_V3.2.0, X-CUBE-AZRTOS-L4_V2.0.0, X-CUBE-AZRTOS-L5_V1.1.0, X-CUBE-AZRTOS-WB_V2.0.0, X-CUBE-AZRTOS-WL_V2.0.0, X-CUBE-BLE1_V7.0.0, X-CUBE-BLE2_V3.3.0, X-CUBE-BLEMGR_V3.1.0, X-CUBE-EEPRMA1_V5.1.0, X-CUBE-FREERTOS_V1.2.0, X-CUBE-GNSS1_V6.0.0, X-CUBE-MEMS1_V10.0.0, X-CUBE-NFC4_V3.0.0, X-CUBE-NFC7_V1.0.1, X-CUBE-SFXS2LP1_V4.0.0, X-CUBE-SUBG2_V5.0.0, X-CUBE-TOF1_V3.4.2]
2024-09-05 09:29:57,771 [INFO] ApiDb:240 - Found 646 in-development CPN: [B-G473E-ZEST1S, B-WB1M-WPAN1, B-WL5M-SUBG1, NUCLEO-C031C6, NUCLEO-C071RB, NUCLEO-H503RB, NUCLEO-H533RE, NUCLEO-H563ZI, NUCLEO-H7S3L8, NUCLEO-U031R8, NUCLEO-U083RC, NUCLEO-U545RE-Q, NUCLEO-U5A5ZJ-Q, NUCLEO-WB05KZ, NUCLEO-WB07CC, NUCLEO-WB09KE, NUCLEO-WBA52CG, NUCLEO-WBA55CG, STEVAL-PROTEUS1, STEVAL-SMARTAG2, STEVAL-STWINBX1, STM320518-EVAL, STM32C0116-DK, STM32C011D6Y3TR, STM32C011D6Y6TR, STM32C011F4P3, STM32C011F4P6, STM32C011F4U3, STM32C011F4U6TR, STM32C011F6P3, STM32C011F6P6, STM32C011F6U3, STM32C011F6U6TR, STM32C011J4M3, STM32C011J4M6, STM32C011J6M3, STM32C011J6M6, STM32C0316-DK, STM32C031C4T3, STM32C031C4T6, STM32C031C4U3, STM32C031C4U6, STM32C031C6T3, STM32C031C6T6, STM32C031C6U3, STM32C031C6U6, STM32C031F4P3, STM32C031F4P6, STM32C031F6P3, STM32C031F6P6, STM32C031G4U3, STM32C031G4U6, STM32C031G6U3, STM32C031G6U6, STM32C031K4T3, STM32C031K4T6, STM32C031K4U3, STM32C031K4U6, STM32C031K6T3, STM32C031K6T6, STM32C031K6U3, STM32C031K6U6, STM32C071C8T6, STM32C071C8T6N, STM32C071C8U6, STM32C071C8U6N, STM32C071CBT6, STM32C071CBT6N, STM32C071CBU6, STM32C071CBU6N, STM32C071F8P6, STM32C071F8P6N, STM32C071FBP6, STM32C071FBP6N, STM32C071FBY6TR, STM32C071G8U6, STM32C071G8U6N, STM32C071GBU6, STM32C071GBU6N, STM32C071K8T6, STM32C071K8T6N, STM32C071K8U6, STM32C071K8U6N, STM32C071KBT6, STM32C071KBT6N, STM32C071KBU6, STM32C071KBU6N, STM32C071R8T6, STM32C071R8T6N, STM32C071RBI6N, STM32C071RBT6, STM32C071RBT6N, STM32G071K8TXN, STM32G071K8UXN, STM32G081GBU6N, STM32G081KBT6N, STM32G081KBUXN, STM32G0B1CCT6N, STM32G0B1KCT6, STM32G0B1NEY6TR, STM32G0B1RCT6N, STM32G0C1CCT6, STM32G0C1CCT6N, STM32G0C1CCU6N, STM32G0C1CET6N, STM32G0C1CEU6N, STM32G0C1KCT6, STM32G0C1NEY6TR, STM32G0C1RCI6N, STM32G0C1RCT6N, STM32G0C1REI6N, STM32G0C1RET6N, STM32G0C1VCI6, STM32G0C1VEI6, STM32G411C6T3, STM32G411C6T6, STM32G411C6U3, STM32G411C6U6, STM32G411C8T3, STM32G411C8T6, STM32G411C8U3, STM32G411C8U6, STM32G411CBT3, STM32G411CBT6, STM32G411CBU3, STM32G411CBU6, STM32G411K6T3, STM32G411K6T6, STM32G411K6U3, STM32G411K6U6, STM32G411K8T3, STM32G411K8T6, STM32G411K8U3, STM32G411K8U6, STM32G411KBT3, STM32G411KBT6, STM32G411KBU3, STM32G411KBU6, STM32G411M6T3, STM32G411M6T6, STM32G411M8T3, STM32G411M8T6, STM32G411MBT3, STM32G411MBT6, STM32G411R6T3, STM32G411R6T6, STM32G411R8T3, STM32G411R8T6, STM32G411RBT3, STM32G411RBT6, STM32G414CBT3, STM32G414CBT6, STM32G414CBU3, STM32G414CBU6, STM32G414CCT3, STM32G414CCT6, STM32G414CCU3, STM32G414CCU6, STM32G414MBT3, STM32G414MBT6, STM32G414MCT3, STM32G414MCT6, STM32G414RBT3, STM32G414RBT6, STM32G414RCT3, STM32G414RCT6, STM32G414VBT3, STM32G414VBT6, STM32G414VCT3, STM32G414VCT6, STM32G431CBT3Z, STM32G431RBT3Z, STM32G471CCT6, STM32G471CCU6, STM32G471CET3, STM32G471CET6, STM32G471CEU3, STM32G471CEU6, STM32G471MCT6, STM32G471MET3, STM32G471MET6, STM32G471MEY6TR, STM32G471QCT6, STM32G471QET3, STM32G471RCT6, STM32G471RET3, STM32G471RET6, STM32G471VCH6, STM32G471VCI6, STM32G471VCT6, STM32G471VEH3, STM32G471VEH6, STM32G471VEI3, STM32G471VEI6, STM32G471VET3, STM32G471VET6, STM32G473QET3Z, STM32G473RET3Z, STM32G474CCT6, STM32G491RET3Z, STM32H503CBT6, STM32H503CBU6, STM32H503EBY6TR, STM32H503KBU6, STM32H503RBT6, STM32H523CCT6, STM32H523CCU6, STM32H523CET6, STM32H523CEU6, STM32H523HEY6TR, STM32H523RCT6, STM32H523RET6, STM32H523VCI6, STM32H523VCT6, STM32H523VEI6, STM32H523VET6, STM32H523ZCJ6, STM32H523ZCT6, STM32H523ZEJ6, STM32H523ZET6, STM32H533CET6, STM32H533CEU6, STM32H533HEY6TR, STM32H533RET6, STM32H533VEI6, STM32H533VET6, STM32H533ZEJ6, STM32H533ZET6, STM32H562AGI6, STM32H562AII6, STM32H562IGK6, STM32H562IGT6, STM32H562IIK6, STM32H562IIT6, STM32H562RGT6, STM32H562RGV6, STM32H562RIT6, STM32H562RIV6, STM32H562VGT6, STM32H562VIT6, STM32H562ZGT6, STM32H562ZIT6, STM32H563AGI6, STM32H563AII3Q, STM32H563AII6, STM32H563IGK6, STM32H563IGT6, STM32H563IIK3Q, STM32H563IIK6, STM32H563IIT3Q, STM32H563IIT6, STM32H563MIY3QTR, STM32H563RGT6, STM32H563RGV6, STM32H563RIT6, STM32H563RIV6, STM32H563VGT6, STM32H563VIT3Q, STM32H563VIT6, STM32H563ZGT6, STM32H563ZIT3Q, STM32H563ZIT6, STM32H573AII3Q, STM32H573AII6, STM32H573I-DK, STM32H573IIK3Q, STM32H573IIK6, STM32H573IIT3Q, STM32H573IIT6, STM32H573MIY3QTR, STM32H573RIT6, STM32H573RIV6, STM32H573VIT3Q, STM32H573VIT6, STM32H573ZIT3Q, STM32H573ZIT6, STM32H7R3A8I6, STM32H7R3I8K6, STM32H7R3I8T6, STM32H7R3L8H6, STM32H7R3L8H6H, STM32H7R3R8V6, STM32H7R3V8H6, STM32H7R3V8T6, STM32H7R3V8Y6TR, STM32H7R3Z8J6, STM32H7R3Z8T6, STM32H7R7A8I6, STM32H7R7I8K6, STM32H7R7I8T6, STM32H7R7L8H6, STM32H7R7L8H6H, STM32H7R7Z8J6, STM32H7S3A8I6, STM32H7S3I8K6, STM32H7S3I8T6, STM32H7S3L8H6, STM32H7S3L8H6H, STM32H7S3R8V6, STM32H7S3V8H6, STM32H7S3V8T6, STM32H7S3V8Y6TR, STM32H7S3Z8J6, STM32H7S3Z8T6, STM32H7S78-DK, STM32H7S7A8I6, STM32H7S7I8K6, STM32H7S7I8T6, STM32H7S7L8H6, STM32H7S7L8H6H, STM32H7S7Z8J6, STM32L4R5QGI6STR, STM32MP131AAE3, STM32MP131AAF3, STM32MP131AAG3, STM32MP131CAE3, STM32MP131CAF3, STM32MP131CAG3, STM32MP131DAE7, STM32MP131DAF7, STM32MP131DAG7, STM32MP131FAE7, STM32MP131FAF7, STM32MP131FAG7, STM32MP133AAE3, STM32MP133AAF3, STM32MP133AAG3, STM32MP133CAE3, STM32MP133CAF3, STM32MP133CAG3, STM32MP133DAE7, STM32MP133DAF7, STM32MP133DAG7, STM32MP133FAE7, STM32MP133FAF7, STM32MP133FAG7, STM32MP135AAE3, STM32MP135AAF3, STM32MP135AAG3, STM32MP135CAE3, STM32MP135CAF3, STM32MP135CAG3, STM32MP135DAE7, STM32MP135DAF7, STM32MP135DAG7, STM32MP135F-DK, STM32MP135FAE7, STM32MP135FAF7, STM32MP135FAF7T, STM32MP135FAF7U, STM32MP135FAG7, STM32MP251AAI3, STM32MP251AAK3, STM32MP251AAL3, STM32MP251CAI3, STM32MP251CAK3, STM32MP251CAL3, STM32MP251DAI3, STM32MP251DAK3, STM32MP251DAL3, STM32MP251FAI3, STM32MP251FAK3, STM32MP251FAL3, STM32MP253AAI3, STM32MP253AAK3, STM32MP253AAL3, STM32MP253CAI3, STM32MP253CAK3, STM32MP253CAL3, STM32MP253DAI3, STM32MP253DAK3, STM32MP253DAL3, STM32MP253FAI3, STM32MP253FAK3, STM32MP253FAL3, STM32MP255AAI3, STM32MP255AAK3, STM32MP255AAL3, STM32MP255CAI3, STM32MP255CAK3, STM32MP255CAL3, STM32MP255DAI3, STM32MP255DAK3, STM32MP255DAL3, STM32MP255FAI3, STM32MP255FAK3, STM32MP255FAL3, STM32MP257AAI3, STM32MP257AAK3, STM32MP257AAL3, STM32MP257CAI3, STM32MP257CAK3, STM32MP257CAL3, STM32MP257DAI3, STM32MP257DAK3, STM32MP257DAL3, STM32MP257F-DK, STM32MP257F-EV1, STM32MP257FAI3, STM32MP257FAK3, STM32MP257FAL3, STM32U031C6T6, STM32U031C6U6, STM32U031C8T6, STM32U031C8U6, STM32U031F4P6, STM32U031F6P6, STM32U031F8P6, STM32U031G6Y6TR, STM32U031G8Y6TR, STM32U031K4U6, STM32U031K6U6, STM32U031K8U6, STM32U031R6I6, STM32U031R6T6, STM32U031R8I6, STM32U031R8T6, STM32U073C8T6, STM32U073C8U6, STM32U073CBT6, STM32U073CBU6, STM32U073CCT6, STM32U073CCU6, STM32U073H8Y6TR, STM32U073HBY6TR, STM32U073HCY6TR, STM32U073K8U6, STM32U073KBU6, STM32U073KCU6, STM32U073M8I6, STM32U073M8T6, STM32U073MBI6, STM32U073MBT6, STM32U073MCI6, STM32U073MCT6, STM32U073R8I6, STM32U073R8T6, STM32U073RBI6, STM32U073RBT6, STM32U073RCI6, STM32U073RCT6, STM32U083C-DK, STM32U083CCT6, STM32U083CCU6, STM32U083HCY6TR, STM32U083KCU6, STM32U083MCI6, STM32U083MCT6, STM32U083RCI6, STM32U083RCT6, STM32U535CBT6, STM32U535CBT6Q, STM32U535CBU6, STM32U535CBU6Q, STM32U535CCT6, STM32U535CCT6Q, STM32U535CCU6, STM32U535CCU6Q, STM32U535CET6, STM32U535CET6Q, STM32U535CEU6, STM32U535CEU6Q, STM32U535JEY6QTR, STM32U535NCY6QTR, STM32U535NEY6QTR, STM32U535RBI6, STM32U535RBI6Q, STM32U535RBT6, STM32U535RBT6Q, STM32U535RCI6, STM32U535RCI6Q, STM32U535RCT6, STM32U535RCT6Q, STM32U535REI6, STM32U535REI6Q, STM32U535RET6, STM32U535RET6Q, STM32U535VCI6, STM32U535VCI6Q, STM32U535VCT6, STM32U535VCT6Q, STM32U535VEI6, STM32U535VEI6Q, STM32U535VET6, STM32U535VET6Q, STM32U545CET6, STM32U545CET6Q, STM32U545CEU6, STM32U545CEU6Q, STM32U545JEY6QTR, STM32U545NEY6QTR, STM32U545REI6, STM32U545REI6Q, STM32U545RET6, STM32U545RET6Q, STM32U545VEI6, STM32U545VEI6Q, STM32U545VET6, STM32U545VET6Q, STM32U595AIH6, STM32U595AIH6Q, STM32U595AJH6, STM32U595AJH6Q, STM32U595QII6, STM32U595QII6Q, STM32U595QJI6, STM32U595QJI6Q, STM32U595RIT6, STM32U595RIT6Q, STM32U595RJT6, STM32U595RJT6Q, STM32U595VIT6, STM32U595VIT6Q, STM32U595VJT6, STM32U595VJT6Q, STM32U595ZIT6, STM32U595ZIT6Q, STM32U595ZIY6QTR, STM32U595ZJT6, STM32U595ZJT6Q, STM32U595ZJY6QTR, STM32U599BJY6QTR, STM32U599NIH6Q, STM32U599NJH6Q, STM32U599VIT6Q, STM32U599VJT6, STM32U599VJT6Q, STM32U599ZIT6Q, STM32U599ZIY6QTR, STM32U599ZJT6Q, STM32U599ZJY6QTR, STM32U5A5AJH6, STM32U5A5AJH6Q, STM32U5A5QII3Q , STM32U5A5QJI6, STM32U5A5QJI6Q, STM32U5A5RJT6, STM32U5A5RJT6Q, STM32U5A5VJT6, STM32U5A5VJT6Q, STM32U5A5ZJT6, STM32U5A5ZJT6Q, STM32U5A5ZJY6QTR, STM32U5A9BJY6QTR, STM32U5A9J-DK, STM32U5A9NJH6Q, STM32U5A9VJT6Q, STM32U5A9ZJT6Q, STM32U5A9ZJY6QTR, STM32U5F7VIT6, STM32U5F7VIT6Q, STM32U5F7VJT6, STM32U5F7VJT6Q, STM32U5F9BJY6QTR, STM32U5F9NJH6Q, STM32U5F9VIT6Q, STM32U5F9VJT6Q, STM32U5F9ZIJ6QTR, STM32U5F9ZIT6Q, STM32U5F9ZJJ6QTR, STM32U5F9ZJT6Q, STM32U5G7VJT6, STM32U5G7VJT6Q, STM32U5G9BJY6QTR, STM32U5G9J-DK1, STM32U5G9J-DK2, STM32U5G9NJH6Q, STM32U5G9VJT6Q, STM32U5G9ZJJ6QTR, STM32U5G9ZJT6Q, STM32WB05KZV6TR, STM32WB05KZV7TR, STM32WB05TZF6TR, STM32WB05TZF7TR, STM32WB06CCF6TR, STM32WB06CCF7TR, STM32WB06CCV6TR, STM32WB06CCV7TR, STM32WB06KCV6TR, STM32WB06KCV7TR, STM32WB07CCF6TR, STM32WB07CCF7TR, STM32WB07CCV6TR, STM32WB07CCV7TR, STM32WB07KCV6TR, STM32WB07KCV7TR, STM32WB09KEV6TR, STM32WB09KEV7TR, STM32WB09TEF6TR, STM32WB09TEF7TR, STM32WB1MMCH6, STM32WBA50KGU6, STM32WBA50KGU6TR, STM32WBA52CEU6, STM32WBA52CEU6TR, STM32WBA52CEU7, STM32WBA52CEU7TR, STM32WBA52CGU6, STM32WBA52CGU6TR, STM32WBA52CGU6U, STM32WBA52CGU7, STM32WBA52CGU7TR, STM32WBA52KEU6, STM32WBA52KEU6TR, STM32WBA52KGU6, STM32WBA52KGU6TR, STM32WBA54CEU6, STM32WBA54CEU6TR, STM32WBA54CEU7, STM32WBA54CEU7TR, STM32WBA54CGU6, STM32WBA54CGU6TR, STM32WBA54CGU7, STM32WBA54CGU7TR, STM32WBA54KEU6, STM32WBA54KEU6TR, STM32WBA54KEU7, STM32WBA54KEU7TR, STM32WBA54KGU6, STM32WBA54KGU6TR, STM32WBA54KGU7, STM32WBA54KGU7TR, STM32WBA55CEU6, STM32WBA55CEU6TR, STM32WBA55CEU7, STM32WBA55CEU7TR, STM32WBA55CGU6, STM32WBA55CGU6TR, STM32WBA55CGU6U, STM32WBA55CGU7, STM32WBA55CGU7TR, STM32WBA55G-DK1, STM32WBA55HEF6, STM32WBA55HEF7, STM32WBA55HGF6, STM32WBA55HGF7, STM32WBA55UEI6, STM32WBA55UEI6TR, STM32WBA55UEI7, STM32WBA55UEI7TR, STM32WBA55UGI6, STM32WBA55UGI6TR, STM32WBA55UGI7, STM32WBA55UGI7TR, STM32WL5MOCH6, STM32WL5MOCH6TR]
2024-09-05 09:29:57,773 [INFO] DbMcus:218 - Found 4251 MCUs, 4251 are supported
2024-09-05 09:29:57,774 [INFO] ApiDb:414 - User favorites file not found: C:\Users\bashk/.stm32cubeide/favorites.mcus.txt
2024-09-05 09:29:57,774 [INFO] DbMcus:224 - Set 0 / 0 favorites MCUs
2024-09-05 09:29:57,943 [INFO] ApiDb:668 - CubeFinder database Data Model version=2.1
2024-09-05 09:29:57,943 [INFO] ApiDb:669 - CubeFinder database Configuration version=3.0.39
2024-09-05 09:29:57,943 [INFO] ApiDb:670 - CubeFinder database generation date=2024-08-06 (1722941618)
2024-09-05 09:29:57,943 [INFO] ApiDb:671 - CubeFinder database FW Pack versions=[FP-ATR-ASTRA1_V2.0.0, FP-SNS-FLIGHT1_V5.0.2, FP-SNS-MOTENV1_V5.0.0, FP-SNS-MOTENVWB1_V1.4.0, FP-SNS-SMARTAG2_V1.2.0, FP-SNS-STBOX1_V2.0.0, STM32Cube_FW_C0_V1.2.0, STM32Cube_FW_F4_V1.28.0, STM32Cube_FW_F7_V1.17.2, STM32Cube_FW_G0_V1.6.2, STM32Cube_FW_G4_V1.6.0, STM32Cube_FW_H5_V1.3.0, STM32Cube_FW_H7RS_V1.1.0, STM32Cube_FW_H7_V1.11.2, STM32Cube_FW_L0_V1.12.2, STM32Cube_FW_L5_V1.5.1, STM32Cube_FW_U0_V1.1.0, STM32Cube_FW_U5_V1.6.0, STM32Cube_FW_WB0_V1.0.0, STM32Cube_FW_WBA_V1.4.1, STM32Cube_FW_WB_V1.20.0, STM32Cube_FW_WL_V1.3.0, X-CUBE-ALGOBUILD_V1.4.0, X-CUBE-ALS_V1.0.2, X-CUBE-AZRTOS-F4_V1.1.0, X-CUBE-AZRTOS-F7_V1.1.0, X-CUBE-AZRTOS-G0_V1.1.0, X-CUBE-AZRTOS-G4_V2.0.0, X-CUBE-AZRTOS-H7RS_V1.0.0, X-CUBE-AZRTOS-H7_V3.2.0, X-CUBE-AZRTOS-L4_V2.0.0, X-CUBE-AZRTOS-L5_V1.1.0, X-CUBE-AZRTOS-WB_V2.0.0, X-CUBE-AZRTOS-WL_V2.0.0, X-CUBE-BLE1_V7.0.0, X-CUBE-BLE2_V3.3.0, X-CUBE-BLEMGR_V3.1.0, X-CUBE-EEPRMA1_V5.1.0, X-CUBE-FREERTOS_V1.2.0, X-CUBE-GNSS1_V6.0.0, X-CUBE-MEMS1_V10.0.0, X-CUBE-NFC4_V3.0.0, X-CUBE-NFC7_V1.0.1, X-CUBE-SFXS2LP1_V4.0.0, X-CUBE-SUBG2_V5.0.0, X-CUBE-TOF1_V3.4.2]
2024-09-05 09:29:57,971 [INFO] DbBoardsSqlite:226 - include board P-NUCLEO-WB55-NUCLEO as a kit item of type 'Nucleo-64'
2024-09-05 09:29:57,971 [INFO] DbBoardsSqlite:226 - include board P-NUCLEO-WB55-USBDONGLE as a kit item of type 'Nucleo USB Dongle'
2024-09-05 09:29:57,972 [INFO] DbBoardsSqlite:226 - include board STEVAL-IDP005V1 as a kit item of type 'Evaluation Board'
2024-09-05 09:29:57,972 [INFO] DbBoardsSqlite:226 - include board STEVAL-IDP005V2 as a kit item of type 'Evaluation Board'
2024-09-05 09:29:57,998 [INFO] ApiDb:240 - Found 646 in-development CPN: [B-G473E-ZEST1S, B-WB1M-WPAN1, B-WL5M-SUBG1, NUCLEO-C031C6, NUCLEO-C071RB, NUCLEO-H503RB, NUCLEO-H533RE, NUCLEO-H563ZI, NUCLEO-H7S3L8, NUCLEO-U031R8, NUCLEO-U083RC, NUCLEO-U545RE-Q, NUCLEO-U5A5ZJ-Q, NUCLEO-WB05KZ, NUCLEO-WB07CC, NUCLEO-WB09KE, NUCLEO-WBA52CG, NUCLEO-WBA55CG, STEVAL-PROTEUS1, STEVAL-SMARTAG2, STEVAL-STWINBX1, STM320518-EVAL, STM32C0116-DK, STM32C011D6Y3TR, STM32C011D6Y6TR, STM32C011F4P3, STM32C011F4P6, STM32C011F4U3, STM32C011F4U6TR, STM32C011F6P3, STM32C011F6P6, STM32C011F6U3, STM32C011F6U6TR, STM32C011J4M3, STM32C011J4M6, STM32C011J6M3, STM32C011J6M6, STM32C0316-DK, STM32C031C4T3, STM32C031C4T6, STM32C031C4U3, STM32C031C4U6, STM32C031C6T3, STM32C031C6T6, STM32C031C6U3, STM32C031C6U6, STM32C031F4P3, STM32C031F4P6, STM32C031F6P3, STM32C031F6P6, STM32C031G4U3, STM32C031G4U6, STM32C031G6U3, STM32C031G6U6, STM32C031K4T3, STM32C031K4T6, STM32C031K4U3, STM32C031K4U6, STM32C031K6T3, STM32C031K6T6, STM32C031K6U3, STM32C031K6U6, STM32C071C8T6, STM32C071C8T6N, STM32C071C8U6, STM32C071C8U6N, STM32C071CBT6, STM32C071CBT6N, STM32C071CBU6, STM32C071CBU6N, STM32C071F8P6, STM32C071F8P6N, STM32C071FBP6, STM32C071FBP6N, STM32C071FBY6TR, STM32C071G8U6, STM32C071G8U6N, STM32C071GBU6, STM32C071GBU6N, STM32C071K8T6, STM32C071K8T6N, STM32C071K8U6, STM32C071K8U6N, STM32C071KBT6, STM32C071KBT6N, STM32C071KBU6, STM32C071KBU6N, STM32C071R8T6, STM32C071R8T6N, STM32C071RBI6N, STM32C071RBT6, STM32C071RBT6N, STM32G071K8TXN, STM32G071K8UXN, STM32G081GBU6N, STM32G081KBT6N, STM32G081KBUXN, STM32G0B1CCT6N, STM32G0B1KCT6, STM32G0B1NEY6TR, STM32G0B1RCT6N, STM32G0C1CCT6, STM32G0C1CCT6N, STM32G0C1CCU6N, STM32G0C1CET6N, STM32G0C1CEU6N, STM32G0C1KCT6, STM32G0C1NEY6TR, STM32G0C1RCI6N, STM32G0C1RCT6N, STM32G0C1REI6N, STM32G0C1RET6N, STM32G0C1VCI6, STM32G0C1VEI6, STM32G411C6T3, STM32G411C6T6, STM32G411C6U3, STM32G411C6U6, STM32G411C8T3, STM32G411C8T6, STM32G411C8U3, STM32G411C8U6, STM32G411CBT3, STM32G411CBT6, STM32G411CBU3, STM32G411CBU6, STM32G411K6T3, STM32G411K6T6, STM32G411K6U3, STM32G411K6U6, STM32G411K8T3, STM32G411K8T6, STM32G411K8U3, STM32G411K8U6, STM32G411KBT3, STM32G411KBT6, STM32G411KBU3, STM32G411KBU6, STM32G411M6T3, STM32G411M6T6, STM32G411M8T3, STM32G411M8T6, STM32G411MBT3, STM32G411MBT6, STM32G411R6T3, STM32G411R6T6, STM32G411R8T3, STM32G411R8T6, STM32G411RBT3, STM32G411RBT6, STM32G414CBT3, STM32G414CBT6, STM32G414CBU3, STM32G414CBU6, STM32G414CCT3, STM32G414CCT6, STM32G414CCU3, STM32G414CCU6, STM32G414MBT3, STM32G414MBT6, STM32G414MCT3, STM32G414MCT6, STM32G414RBT3, STM32G414RBT6, STM32G414RCT3, STM32G414RCT6, STM32G414VBT3, STM32G414VBT6, STM32G414VCT3, STM32G414VCT6, STM32G431CBT3Z, STM32G431RBT3Z, STM32G471CCT6, STM32G471CCU6, STM32G471CET3, STM32G471CET6, STM32G471CEU3, STM32G471CEU6, STM32G471MCT6, STM32G471MET3, STM32G471MET6, STM32G471MEY6TR, STM32G471QCT6, STM32G471QET3, STM32G471RCT6, STM32G471RET3, STM32G471RET6, STM32G471VCH6, STM32G471VCI6, STM32G471VCT6, STM32G471VEH3, STM32G471VEH6, STM32G471VEI3, STM32G471VEI6, STM32G471VET3, STM32G471VET6, STM32G473QET3Z, STM32G473RET3Z, STM32G474CCT6, STM32G491RET3Z, STM32H503CBT6, STM32H503CBU6, STM32H503EBY6TR, STM32H503KBU6, STM32H503RBT6, STM32H523CCT6, STM32H523CCU6, STM32H523CET6, STM32H523CEU6, STM32H523HEY6TR, STM32H523RCT6, STM32H523RET6, STM32H523VCI6, STM32H523VCT6, STM32H523VEI6, STM32H523VET6, STM32H523ZCJ6, STM32H523ZCT6, STM32H523ZEJ6, STM32H523ZET6, STM32H533CET6, STM32H533CEU6, STM32H533HEY6TR, STM32H533RET6, STM32H533VEI6, STM32H533VET6, STM32H533ZEJ6, STM32H533ZET6, STM32H562AGI6, STM32H562AII6, STM32H562IGK6, STM32H562IGT6, STM32H562IIK6, STM32H562IIT6, STM32H562RGT6, STM32H562RGV6, STM32H562RIT6, STM32H562RIV6, STM32H562VGT6, STM32H562VIT6, STM32H562ZGT6, STM32H562ZIT6, STM32H563AGI6, STM32H563AII3Q, STM32H563AII6, STM32H563IGK6, STM32H563IGT6, STM32H563IIK3Q, STM32H563IIK6, STM32H563IIT3Q, STM32H563IIT6, STM32H563MIY3QTR, STM32H563RGT6, STM32H563RGV6, STM32H563RIT6, STM32H563RIV6, STM32H563VGT6, STM32H563VIT3Q, STM32H563VIT6, STM32H563ZGT6, STM32H563ZIT3Q, STM32H563ZIT6, STM32H573AII3Q, STM32H573AII6, STM32H573I-DK, STM32H573IIK3Q, STM32H573IIK6, STM32H573IIT3Q, STM32H573IIT6, STM32H573MIY3QTR, STM32H573RIT6, STM32H573RIV6, STM32H573VIT3Q, STM32H573VIT6, STM32H573ZIT3Q, STM32H573ZIT6, STM32H7R3A8I6, STM32H7R3I8K6, STM32H7R3I8T6, STM32H7R3L8H6, STM32H7R3L8H6H, STM32H7R3R8V6, STM32H7R3V8H6, STM32H7R3V8T6, STM32H7R3V8Y6TR, STM32H7R3Z8J6, STM32H7R3Z8T6, STM32H7R7A8I6, STM32H7R7I8K6, STM32H7R7I8T6, STM32H7R7L8H6, STM32H7R7L8H6H, STM32H7R7Z8J6, STM32H7S3A8I6, STM32H7S3I8K6, STM32H7S3I8T6, STM32H7S3L8H6, STM32H7S3L8H6H, STM32H7S3R8V6, STM32H7S3V8H6, STM32H7S3V8T6, STM32H7S3V8Y6TR, STM32H7S3Z8J6, STM32H7S3Z8T6, STM32H7S78-DK, STM32H7S7A8I6, STM32H7S7I8K6, STM32H7S7I8T6, STM32H7S7L8H6, STM32H7S7L8H6H, STM32H7S7Z8J6, STM32L4R5QGI6STR, STM32MP131AAE3, STM32MP131AAF3, STM32MP131AAG3, STM32MP131CAE3, STM32MP131CAF3, STM32MP131CAG3, STM32MP131DAE7, STM32MP131DAF7, STM32MP131DAG7, STM32MP131FAE7, STM32MP131FAF7, STM32MP131FAG7, STM32MP133AAE3, STM32MP133AAF3, STM32MP133AAG3, STM32MP133CAE3, STM32MP133CAF3, STM32MP133CAG3, STM32MP133DAE7, STM32MP133DAF7, STM32MP133DAG7, STM32MP133FAE7, STM32MP133FAF7, STM32MP133FAG7, STM32MP135AAE3, STM32MP135AAF3, STM32MP135AAG3, STM32MP135CAE3, STM32MP135CAF3, STM32MP135CAG3, STM32MP135DAE7, STM32MP135DAF7, STM32MP135DAG7, STM32MP135F-DK, STM32MP135FAE7, STM32MP135FAF7, STM32MP135FAF7T, STM32MP135FAF7U, STM32MP135FAG7, STM32MP251AAI3, STM32MP251AAK3, STM32MP251AAL3, STM32MP251CAI3, STM32MP251CAK3, STM32MP251CAL3, STM32MP251DAI3, STM32MP251DAK3, STM32MP251DAL3, STM32MP251FAI3, STM32MP251FAK3, STM32MP251FAL3, STM32MP253AAI3, STM32MP253AAK3, STM32MP253AAL3, STM32MP253CAI3, STM32MP253CAK3, STM32MP253CAL3, STM32MP253DAI3, STM32MP253DAK3, STM32MP253DAL3, STM32MP253FAI3, STM32MP253FAK3, STM32MP253FAL3, STM32MP255AAI3, STM32MP255AAK3, STM32MP255AAL3, STM32MP255CAI3, STM32MP255CAK3, STM32MP255CAL3, STM32MP255DAI3, STM32MP255DAK3, STM32MP255DAL3, STM32MP255FAI3, STM32MP255FAK3, STM32MP255FAL3, STM32MP257AAI3, STM32MP257AAK3, STM32MP257AAL3, STM32MP257CAI3, STM32MP257CAK3, STM32MP257CAL3, STM32MP257DAI3, STM32MP257DAK3, STM32MP257DAL3, STM32MP257F-DK, STM32MP257F-EV1, STM32MP257FAI3, STM32MP257FAK3, STM32MP257FAL3, STM32U031C6T6, STM32U031C6U6, STM32U031C8T6, STM32U031C8U6, STM32U031F4P6, STM32U031F6P6, STM32U031F8P6, STM32U031G6Y6TR, STM32U031G8Y6TR, STM32U031K4U6, STM32U031K6U6, STM32U031K8U6, STM32U031R6I6, STM32U031R6T6, STM32U031R8I6, STM32U031R8T6, STM32U073C8T6, STM32U073C8U6, STM32U073CBT6, STM32U073CBU6, STM32U073CCT6, STM32U073CCU6, STM32U073H8Y6TR, STM32U073HBY6TR, STM32U073HCY6TR, STM32U073K8U6, STM32U073KBU6, STM32U073KCU6, STM32U073M8I6, STM32U073M8T6, STM32U073MBI6, STM32U073MBT6, STM32U073MCI6, STM32U073MCT6, STM32U073R8I6, STM32U073R8T6, STM32U073RBI6, STM32U073RBT6, STM32U073RCI6, STM32U073RCT6, STM32U083C-DK, STM32U083CCT6, STM32U083CCU6, STM32U083HCY6TR, STM32U083KCU6, STM32U083MCI6, STM32U083MCT6, STM32U083RCI6, STM32U083RCT6, STM32U535CBT6, STM32U535CBT6Q, STM32U535CBU6, STM32U535CBU6Q, STM32U535CCT6, STM32U535CCT6Q, STM32U535CCU6, STM32U535CCU6Q, STM32U535CET6, STM32U535CET6Q, STM32U535CEU6, STM32U535CEU6Q, STM32U535JEY6QTR, STM32U535NCY6QTR, STM32U535NEY6QTR, STM32U535RBI6, STM32U535RBI6Q, STM32U535RBT6, STM32U535RBT6Q, STM32U535RCI6, STM32U535RCI6Q, STM32U535RCT6, STM32U535RCT6Q, STM32U535REI6, STM32U535REI6Q, STM32U535RET6, STM32U535RET6Q, STM32U535VCI6, STM32U535VCI6Q, STM32U535VCT6, STM32U535VCT6Q, STM32U535VEI6, STM32U535VEI6Q, STM32U535VET6, STM32U535VET6Q, STM32U545CET6, STM32U545CET6Q, STM32U545CEU6, STM32U545CEU6Q, STM32U545JEY6QTR, STM32U545NEY6QTR, STM32U545REI6, STM32U545REI6Q, STM32U545RET6, STM32U545RET6Q, STM32U545VEI6, STM32U545VEI6Q, STM32U545VET6, STM32U545VET6Q, STM32U595AIH6, STM32U595AIH6Q, STM32U595AJH6, STM32U595AJH6Q, STM32U595QII6, STM32U595QII6Q, STM32U595QJI6, STM32U595QJI6Q, STM32U595RIT6, STM32U595RIT6Q, STM32U595RJT6, STM32U595RJT6Q, STM32U595VIT6, STM32U595VIT6Q, STM32U595VJT6, STM32U595VJT6Q, STM32U595ZIT6, STM32U595ZIT6Q, STM32U595ZIY6QTR, STM32U595ZJT6, STM32U595ZJT6Q, STM32U595ZJY6QTR, STM32U599BJY6QTR, STM32U599NIH6Q, STM32U599NJH6Q, STM32U599VIT6Q, STM32U599VJT6, STM32U599VJT6Q, STM32U599ZIT6Q, STM32U599ZIY6QTR, STM32U599ZJT6Q, STM32U599ZJY6QTR, STM32U5A5AJH6, STM32U5A5AJH6Q, STM32U5A5QII3Q , STM32U5A5QJI6, STM32U5A5QJI6Q, STM32U5A5RJT6, STM32U5A5RJT6Q, STM32U5A5VJT6, STM32U5A5VJT6Q, STM32U5A5ZJT6, STM32U5A5ZJT6Q, STM32U5A5ZJY6QTR, STM32U5A9BJY6QTR, STM32U5A9J-DK, STM32U5A9NJH6Q, STM32U5A9VJT6Q, STM32U5A9ZJT6Q, STM32U5A9ZJY6QTR, STM32U5F7VIT6, STM32U5F7VIT6Q, STM32U5F7VJT6, STM32U5F7VJT6Q, STM32U5F9BJY6QTR, STM32U5F9NJH6Q, STM32U5F9VIT6Q, STM32U5F9VJT6Q, STM32U5F9ZIJ6QTR, STM32U5F9ZIT6Q, STM32U5F9ZJJ6QTR, STM32U5F9ZJT6Q, STM32U5G7VJT6, STM32U5G7VJT6Q, STM32U5G9BJY6QTR, STM32U5G9J-DK1, STM32U5G9J-DK2, STM32U5G9NJH6Q, STM32U5G9VJT6Q, STM32U5G9ZJJ6QTR, STM32U5G9ZJT6Q, STM32WB05KZV6TR, STM32WB05KZV7TR, STM32WB05TZF6TR, STM32WB05TZF7TR, STM32WB06CCF6TR, STM32WB06CCF7TR, STM32WB06CCV6TR, STM32WB06CCV7TR, STM32WB06KCV6TR, STM32WB06KCV7TR, STM32WB07CCF6TR, STM32WB07CCF7TR, STM32WB07CCV6TR, STM32WB07CCV7TR, STM32WB07KCV6TR, STM32WB07KCV7TR, STM32WB09KEV6TR, STM32WB09KEV7TR, STM32WB09TEF6TR, STM32WB09TEF7TR, STM32WB1MMCH6, STM32WBA50KGU6, STM32WBA50KGU6TR, STM32WBA52CEU6, STM32WBA52CEU6TR, STM32WBA52CEU7, STM32WBA52CEU7TR, STM32WBA52CGU6, STM32WBA52CGU6TR, STM32WBA52CGU6U, STM32WBA52CGU7, STM32WBA52CGU7TR, STM32WBA52KEU6, STM32WBA52KEU6TR, STM32WBA52KGU6, STM32WBA52KGU6TR, STM32WBA54CEU6, STM32WBA54CEU6TR, STM32WBA54CEU7, STM32WBA54CEU7TR, STM32WBA54CGU6, STM32WBA54CGU6TR, STM32WBA54CGU7, STM32WBA54CGU7TR, STM32WBA54KEU6, STM32WBA54KEU6TR, STM32WBA54KEU7, STM32WBA54KEU7TR, STM32WBA54KGU6, STM32WBA54KGU6TR, STM32WBA54KGU7, STM32WBA54KGU7TR, STM32WBA55CEU6, STM32WBA55CEU6TR, STM32WBA55CEU7, STM32WBA55CEU7TR, STM32WBA55CGU6, STM32WBA55CGU6TR, STM32WBA55CGU6U, STM32WBA55CGU7, STM32WBA55CGU7TR, STM32WBA55G-DK1, STM32WBA55HEF6, STM32WBA55HEF7, STM32WBA55HGF6, STM32WBA55HGF7, STM32WBA55UEI6, STM32WBA55UEI6TR, STM32WBA55UEI7, STM32WBA55UEI7TR, STM32WBA55UGI6, STM32WBA55UGI6TR, STM32WBA55UGI7, STM32WBA55UGI7TR, STM32WL5MOCH6, STM32WL5MOCH6TR]
2024-09-05 09:29:58,043 [INFO] BoardInfo:889 - No configuration file found for board P-NUCLEO-WB55
2024-09-05 09:29:58,043 [INFO] DbBoards:161 - Kit is not supported: P-NUCLEO-WB55
2024-09-05 09:29:58,045 [INFO] BoardInfo:889 - No configuration file found for board STEVAL-BFA001V1B
2024-09-05 09:29:58,045 [INFO] DbBoards:161 - Kit is not supported: STEVAL-BFA001V1B
2024-09-05 09:29:58,046 [INFO] BoardInfo:889 - No configuration file found for board STEVAL-BFA001V2B
2024-09-05 09:29:58,046 [INFO] DbBoards:161 - Kit is not supported: STEVAL-BFA001V2B
2024-09-05 09:29:58,096 [INFO] DbBoards:168 - Found 201 boards, 198 are supported
2024-09-05 09:29:58,096 [INFO] DbBoards:169 - Found 201 boards, 25 of them is supported for  Bsp
2024-09-05 09:29:58,098 [INFO] ApiDb:414 - User favorites file not found: C:\Users\bashk/.stm32cubeide/favorites.boards.txt
2024-09-05 09:29:58,099 [INFO] DbBoards:198 - Set 0 / 0 favorites Boards
2024-09-05 09:29:58,101 [INFO] ApiDb:668 - CubeFinder database Data Model version=2.1
2024-09-05 09:29:58,101 [INFO] ApiDb:669 - CubeFinder database Configuration version=3.0.39
2024-09-05 09:29:58,101 [INFO] ApiDb:670 - CubeFinder database generation date=2024-08-06 (1722941618)
2024-09-05 09:29:58,101 [INFO] ApiDb:671 - CubeFinder database FW Pack versions=[FP-ATR-ASTRA1_V2.0.0, FP-SNS-FLIGHT1_V5.0.2, FP-SNS-MOTENV1_V5.0.0, FP-SNS-MOTENVWB1_V1.4.0, FP-SNS-SMARTAG2_V1.2.0, FP-SNS-STBOX1_V2.0.0, STM32Cube_FW_C0_V1.2.0, STM32Cube_FW_F4_V1.28.0, STM32Cube_FW_F7_V1.17.2, STM32Cube_FW_G0_V1.6.2, STM32Cube_FW_G4_V1.6.0, STM32Cube_FW_H5_V1.3.0, STM32Cube_FW_H7RS_V1.1.0, STM32Cube_FW_H7_V1.11.2, STM32Cube_FW_L0_V1.12.2, STM32Cube_FW_L5_V1.5.1, STM32Cube_FW_U0_V1.1.0, STM32Cube_FW_U5_V1.6.0, STM32Cube_FW_WB0_V1.0.0, STM32Cube_FW_WBA_V1.4.1, STM32Cube_FW_WB_V1.20.0, STM32Cube_FW_WL_V1.3.0, X-CUBE-ALGOBUILD_V1.4.0, X-CUBE-ALS_V1.0.2, X-CUBE-AZRTOS-F4_V1.1.0, X-CUBE-AZRTOS-F7_V1.1.0, X-CUBE-AZRTOS-G0_V1.1.0, X-CUBE-AZRTOS-G4_V2.0.0, X-CUBE-AZRTOS-H7RS_V1.0.0, X-CUBE-AZRTOS-H7_V3.2.0, X-CUBE-AZRTOS-L4_V2.0.0, X-CUBE-AZRTOS-L5_V1.1.0, X-CUBE-AZRTOS-WB_V2.0.0, X-CUBE-AZRTOS-WL_V2.0.0, X-CUBE-BLE1_V7.0.0, X-CUBE-BLE2_V3.3.0, X-CUBE-BLEMGR_V3.1.0, X-CUBE-EEPRMA1_V5.1.0, X-CUBE-FREERTOS_V1.2.0, X-CUBE-GNSS1_V6.0.0, X-CUBE-MEMS1_V10.0.0, X-CUBE-NFC4_V3.0.0, X-CUBE-NFC7_V1.0.1, X-CUBE-SFXS2LP1_V4.0.0, X-CUBE-SUBG2_V5.0.0, X-CUBE-TOF1_V3.4.2]
2024-09-05 09:29:58,472 [ERROR] DbExamplesSqlite:437 - Missing JSON key: board_cpn
2024-09-05 09:29:58,472 [ERROR] DbExamplesSqlite:437 - Missing JSON key: board_cpn
2024-09-05 09:29:58,472 [ERROR] DbExamplesSqlite:437 - Missing JSON key: board_cpn
2024-09-05 09:29:58,472 [ERROR] DbExamplesSqlite:437 - Missing JSON key: board_cpn
2024-09-05 09:29:58,534 [ERROR] DbExamplesSqlite:437 - Missing JSON key: board_cpn
2024-09-05 09:29:58,535 [ERROR] DbExamplesSqlite:437 - Missing JSON key: board_cpn
2024-09-05 09:29:58,535 [ERROR] DbExamplesSqlite:437 - Missing JSON key: board_cpn
2024-09-05 09:29:58,535 [ERROR] DbExamplesSqlite:437 - Missing JSON key: board_cpn
2024-09-05 09:29:58,535 [ERROR] DbExamplesSqlite:437 - Missing JSON key: board_cpn
2024-09-05 09:29:58,535 [ERROR] DbExamplesSqlite:437 - Missing JSON key: board_cpn
2024-09-05 09:29:58,535 [ERROR] DbExamplesSqlite:437 - Missing JSON key: board_cpn
2024-09-05 09:29:58,535 [ERROR] DbExamplesSqlite:437 - Missing JSON key: board_cpn
2024-09-05 09:29:58,536 [ERROR] DbExamplesSqlite:437 - Missing JSON key: board_cpn
2024-09-05 09:29:58,536 [INFO] DbExamplesSqlite:395 - Ignored 28 examples not supported by CubeIDE
2024-09-05 09:29:58,536 [INFO] DbExamplesSqlite:396 - Found 8608 examples active
2024-09-05 09:29:58,536 [INFO] DbExamplesSqlite:397 - Found 0 examples obsolete
2024-09-05 09:29:58,536 [INFO] DbExamplesSqlite:398 - Found 0 examples under development
2024-09-05 09:29:58,536 [INFO] DbExamplesSqlite:399 - Found 10 examples not building
2024-09-05 09:29:58,537 [INFO] DbExamples:125 - Found 8590 examples
2024-09-05 09:29:58,562 [ERROR] DbExamples:208 - Found 167 examples with invalid data (board or MCU)
2024-09-05 09:29:58,562 [INFO] DbExamples:222 - Found 108 boards with related examples
2024-09-05 09:29:58,563 [INFO] DbExamples:235 - Found 88 MCUs with related examples
2024-09-05 09:29:58,571 [INFO] ApiDb:414 - User favorites file not found: C:\Users\bashk/.stm32cubeide/favorites.examples.txt
2024-09-05 09:29:58,571 [INFO] DbExamples:250 - Set 0 / 0 favorites Examples
2024-09-05 09:29:58,614 [INFO] McuFinderGlobals:76 - Set McuFinderConnectedMode to true
2024-09-05 09:29:58,617 [INFO] MultiScanPanel:200 - Auto-refresh data requested => check proxy status ongoing
2024-09-05 09:29:58,619 [INFO] FinderPluginLoader:95 - Searching for filters in installed packs
2024-09-05 09:29:59,205 [INFO] LoadUrlFilesThread:185 - End of LoadServerUrlFiles without Thread
2024-09-05 09:29:59,219 [INFO] DetailPanel:341 - Set advertising image to C:/Users/bashk/STM32Cube/Repository/\en.prom-stm32h7rs-mcu-finder.jpg
2024-09-05 09:30:15,322 [INFO] MainUpdater:2873 - connection check result : 10
2024-09-05 09:30:15,322 [INFO] MainUpdater:2873 - connection check result : 10
2024-09-05 09:30:15,336 [INFO] RulesReader:64 - Compatibility file has been processed (297 Rules)
2024-09-05 09:30:15,341 [INFO] RulesReader:64 - Compatibility file has been processed (297 Rules)
2024-09-05 09:30:15,345 [INFO] MicroXplorer:468 - Change Database Path : 
2024-09-05 09:30:15,345 [INFO] MicroXplorer:498 - Change Database Version : DB.6.0.120
2024-09-05 09:30:15,353 [WARN] ThirdParty:871 - waiting for thirdparty lock release [close project]
2024-09-05 09:30:15,353 [INFO] ThirdParty:873 - entering critical section [close project]
2024-09-05 09:30:15,354 [INFO] ThirdParty:883 - exiting critical section [close project]
2024-09-05 09:30:15,356 [INFO] PinOutPanel:1561 - setPackage(No Configuration,No Configuration)
2024-09-05 09:30:15,358 [INFO] UtilMem:75 - Begin LoadConfig() Used Memory: 688058880 Bytes (1073741824)
2024-09-05 09:30:15,358 [INFO] MicroXplorer:468 - Change Database Path : 
2024-09-05 09:30:15,358 [INFO] MicroXplorer:498 - Change Database Version : DB.6.0.120
2024-09-05 09:30:15,358 [INFO] OpenFileManager:332 - Change cursor
2024-09-05 09:30:15,384 [INFO] Mcu:2032 - Initializing MCU STM32F405RGTx STM32F405RGTx STM32F405RGT6
2024-09-05 09:30:16,226 [INFO] Context:742 - Trying to add GPIOservice into a context  which must be forbidden
2024-09-05 09:30:16,615 [INFO] RtosManager:555 - Registered RTOS mode: class=CMSIS, group=RTOS, mode=CMSIS_V1, owner=FREERTOS
2024-09-05 09:30:16,616 [INFO] RtosManager:555 - Registered RTOS mode: class=CMSIS, group=RTOS2, mode=CMSIS_V2, owner=FREERTOS
2024-09-05 09:30:16,616 [INFO] RtosManager:555 - Registered RTOS mode: class=RTOS, group=Core, mode=CMSIS_V1, owner=FREERTOS
2024-09-05 09:30:16,616 [INFO] RtosManager:555 - Registered RTOS mode: class=RTOS, group=Core, mode=CMSIS_V2, owner=FREERTOS
2024-09-05 09:30:16,616 [WARN] ModelIntegratedComponent:184 - Missing modes for component STMicroelectronics:FreeRTOS:0.0.1:STMicroelectronics:RTOS:FreeRTOS:Core:::10.2.0:
2024-09-05 09:30:16,626 [WARN] ModelIntegratedComponent:63 - No mode defined for component null
2024-09-05 09:30:16,626 [WARN] ModelIntegratedComponent:63 - No mode defined for component null
2024-09-05 09:30:16,626 [WARN] ModelIntegratedComponent:63 - No mode defined for component null
2024-09-05 09:30:16,626 [WARN] ModelIntegratedComponent:63 - No mode defined for component null
2024-09-05 09:30:16,626 [WARN] ModelIntegratedComponent:63 - No mode defined for component null
2024-09-05 09:30:16,626 [WARN] ModelIntegratedComponent:63 - No mode defined for component null
2024-09-05 09:30:16,626 [WARN] ModelIntegratedComponent:63 - No mode defined for component null
2024-09-05 09:30:16,626 [WARN] ModelIntegratedComponent:63 - No mode defined for component null
2024-09-05 09:30:16,626 [WARN] ModelIntegratedComponent:63 - No mode defined for component null
2024-09-05 09:30:16,626 [WARN] ModelIntegratedComponent:63 - No mode defined for component null
2024-09-05 09:30:16,626 [WARN] ModelIntegratedComponent:63 - No mode defined for component null
2024-09-05 09:30:16,626 [WARN] ModelIntegratedComponent:63 - No mode defined for component null
2024-09-05 09:30:16,626 [WARN] ModelIntegratedComponent:63 - No mode defined for component null
2024-09-05 09:30:16,626 [WARN] ModelIntegratedComponent:63 - No mode defined for component null
2024-09-05 09:30:16,627 [WARN] ModelIntegratedComponent:63 - No mode defined for component null
2024-09-05 09:30:16,627 [WARN] ModelIntegratedComponent:63 - No mode defined for component null
2024-09-05 09:30:16,627 [WARN] ModelIntegratedComponent:63 - No mode defined for component null
2024-09-05 09:30:16,627 [WARN] ModelIntegratedComponent:63 - No mode defined for component null
2024-09-05 09:30:16,627 [WARN] ModelIntegratedComponent:63 - No mode defined for component null
2024-09-05 09:30:16,627 [WARN] ModelIntegratedComponent:63 - No mode defined for component null
2024-09-05 09:30:16,627 [WARN] ModelIntegratedComponent:63 - No mode defined for component null
2024-09-05 09:30:16,627 [WARN] ModelIntegratedComponent:63 - No mode defined for component null
2024-09-05 09:30:16,627 [WARN] ModelIntegratedComponent:63 - No mode defined for component null
2024-09-05 09:30:16,627 [WARN] ModelIntegratedComponent:63 - No mode defined for component null
2024-09-05 09:30:16,627 [WARN] ModelIntegratedComponent:63 - No mode defined for component null
2024-09-05 09:30:16,627 [WARN] ModelIntegratedComponent:63 - No mode defined for component null
2024-09-05 09:30:16,627 [WARN] ModelIntegratedComponent:63 - No mode defined for component null
2024-09-05 09:30:16,627 [WARN] ModelIntegratedComponent:63 - No mode defined for component null
2024-09-05 09:30:16,627 [WARN] ModelIntegratedComponent:63 - No mode defined for component null
2024-09-05 09:30:16,627 [WARN] ModelIntegratedComponent:63 - No mode defined for component null
2024-09-05 09:30:16,627 [WARN] ModelIntegratedComponent:63 - No mode defined for component null
2024-09-05 09:30:16,627 [WARN] ModelIntegratedComponent:63 - No mode defined for component null
2024-09-05 09:30:16,627 [WARN] ModelIntegratedComponent:63 - No mode defined for component null
2024-09-05 09:30:16,627 [WARN] ModelIntegratedComponent:63 - No mode defined for component null
2024-09-05 09:30:16,627 [WARN] ModelIntegratedComponent:63 - No mode defined for component null
2024-09-05 09:30:16,627 [WARN] ModelPack:524 - Component already loaded: STMicroelectronics:HAL Drivers:0.0.0:STMicroelectronics:Device:STMicro_Driver:XSPI:HAL::0.0.1:HAL_XSPI
2024-09-05 09:30:16,688 [INFO] ThirdPartyModel:298 - Start build external matchings
2024-09-05 09:30:17,006 [INFO] ThirdPartyModel:316 - End build external matchings
2024-09-05 09:30:17,014 [INFO] RtosManager:919 - Current active RTOS is FREERTOS [Cortex-M4NS]
2024-09-05 09:30:17,019 [INFO] ImportTextPane:205 - (OptionalMessage_ERROR) IP (RCC) : Parameter (RTCHSEDivFreq_Value) has invalid value (4000000)
2024-09-05 09:30:17,020 [WARN] IP:2191 - DEVICE_SERIAL0_CUSTOM_HID_HS not found: check if there is a RefParameter without a condition.
2024-09-05 09:30:17,020 [WARN] IP:2191 - DEVICE_SERIAL1_CUSTOM_HID_HS not found: check if there is a RefParameter without a condition.
2024-09-05 09:30:17,020 [WARN] IP:2191 - DEVICE_SERIAL2_CUSTOM_HID_HS not found: check if there is a RefParameter without a condition.
2024-09-05 09:30:17,190 [INFO] UtilMem:75 - End LoadConfig() Used Memory: 704804584 Bytes (1073741824)
2024-09-05 09:30:17,246 [WARN] ThirdParty:833 - waiting for thirdparty lock release [change project]
2024-09-05 09:30:17,246 [INFO] ThirdParty:835 - entering critical section [change project]
2024-09-05 09:30:17,246 [INFO] ThirdParty:1030 - CMSIS Pack Vendor :STMicroelectronics USBPD 4.1
2024-09-05 09:30:17,246 [INFO] ThirdParty:1030 - CMSIS Pack Vendor :STMicroelectronics X-CUBE-AZRTOS-H7 3.3.0
2024-09-05 09:30:17,246 [INFO] ThirdParty:1030 - CMSIS Pack Vendor :STMicroelectronics X-CUBE-GNSS1 6.0.0
2024-09-05 09:30:17,246 [INFO] ThirdParty:1030 - CMSIS Pack Vendor :STMicroelectronics USB_HOST 2.0.0
2024-09-05 09:30:17,246 [INFO] ThirdParty:1030 - CMSIS Pack Vendor :STMicroelectronics FP-SNS-MOTENVWB1 1.4.0
2024-09-05 09:30:17,246 [INFO] ThirdParty:1030 - CMSIS Pack Vendor :STMicroelectronics X-CUBE-AZRTOS-F4 1.1.0
2024-09-05 09:30:17,246 [INFO] ThirdParty:1030 - CMSIS Pack Vendor :STMicroelectronics LIBJPEG 8.0.0
2024-09-05 09:30:17,246 [INFO] ThirdParty:1030 - CMSIS Pack Vendor :STMicroelectronics X-CUBE-SMBUS 2.1.0
2024-09-05 09:30:17,246 [INFO] ThirdParty:1030 - CMSIS Pack Vendor :STMicroelectronics USB_DEVICE 3.0.0
2024-09-05 09:30:17,246 [INFO] ThirdParty:1030 - CMSIS Pack Vendor :STMicroelectronics X-CUBE-TCPP 4.1.0
2024-09-05 09:30:17,246 [INFO] ThirdParty:1030 - CMSIS Pack Vendor :STMicroelectronics X-CUBE-FREERTOS 1.2.0
2024-09-05 09:30:17,246 [INFO] ThirdParty:1030 - CMSIS Pack Vendor :STMicroelectronics X-CUBE-AZRTOS-WB 2.0.0
2024-09-05 09:30:17,246 [INFO] ThirdParty:1030 - CMSIS Pack Vendor :STMicroelectronics X-CUBE-TOUCHGFX 4.23.1
2024-09-05 09:30:17,246 [INFO] ThirdParty:1030 - CMSIS Pack Vendor :STMicroelectronics X-CUBE-AZRTOS-F7 1.1.0
2024-09-05 09:30:17,246 [INFO] ThirdParty:1030 - CMSIS Pack Vendor :STMicroelectronics X-CUBE-AZRTOS-L5 2.0.0
2024-09-05 09:30:17,246 [INFO] ThirdParty:1030 - CMSIS Pack Vendor :STMicroelectronics USB_DEVICE 2.0.0
2024-09-05 09:30:17,246 [INFO] ThirdParty:1030 - CMSIS Pack Vendor :STMicroelectronics X-CUBE-NFC6 3.1.0
2024-09-05 09:30:17,246 [INFO] ThirdParty:1030 - CMSIS Pack Vendor :STMicroelectronics FP-SNS-STBOX1 2.0.0
2024-09-05 09:30:17,246 [INFO] ThirdParty:1030 - CMSIS Pack Vendor :STMicroelectronics X-CUBE-ALGOBUILD 1.3.0
2024-09-05 09:30:17,246 [INFO] ThirdParty:1030 - CMSIS Pack Vendor :STMicroelectronics X-CUBE-MEMS1 11.0.0
2024-09-05 09:30:17,247 [INFO] ThirdParty:1030 - CMSIS Pack Vendor :STMicroelectronics FreeRTOS 0.0.1
2024-09-05 09:30:17,247 [INFO] ThirdParty:1030 - CMSIS Pack Vendor :STMicroelectronics X-CUBE-AZRTOS-G0 1.1.0
2024-09-05 09:30:17,247 [INFO] ThirdParty:1030 - CMSIS Pack Vendor :STMicroelectronics X-CUBE-SAFEA1 1.2.2
2024-09-05 09:30:17,247 [INFO] ThirdParty:1030 - CMSIS Pack Vendor :STMicroelectronics X-CUBE-NFC4 3.0.0
2024-09-05 09:30:17,247 [INFO] ThirdParty:1030 - CMSIS Pack Vendor :STMicroelectronics X-CUBE-DPower 1.2.0
2024-09-05 09:30:17,247 [INFO] ThirdParty:1030 - CMSIS Pack Vendor :STMicroelectronics X-CUBE-SUBG2 5.0.0
2024-09-05 09:30:17,247 [INFO] ThirdParty:1030 - CMSIS Pack Vendor :STMicroelectronics STM32_WPAN 1.0.0
2024-09-05 09:30:17,247 [INFO] ThirdParty:1030 - CMSIS Pack Vendor :EmbeddedOffice I-CUBE-FS-RTOS 1.0.1
2024-09-05 09:30:17,247 [INFO] ThirdParty:1030 - CMSIS Pack Vendor :STMicroelectronics lwIP 2.0.3
2024-09-05 09:30:17,247 [INFO] ThirdParty:1030 - CMSIS Pack Vendor :STMicroelectronics FP-SNS-FLIGHT1 5.0.2
2024-09-05 09:30:17,247 [INFO] ThirdParty:1030 - CMSIS Pack Vendor :Cesanta I-CUBE-Mongoose 7.13.0
2024-09-05 09:30:17,247 [INFO] ThirdParty:1030 - CMSIS Pack Vendor :STMicroelectronics USB_HOST 1.0.0
2024-09-05 09:30:17,247 [INFO] ThirdParty:1030 - CMSIS Pack Vendor :STMicroelectronics X-CUBE-AI 9.0.0
2024-09-05 09:30:17,247 [INFO] ThirdParty:1030 - CMSIS Pack Vendor :STMicroelectronics X-CUBE-AZRTOS-G4 2.0.0
2024-09-05 09:30:17,247 [INFO] ThirdParty:1030 - CMSIS Pack Vendor :STMicroelectronics PDM2PCM 3.1.0
2024-09-05 09:30:17,247 [INFO] ThirdParty:1030 - CMSIS Pack Vendor :STMicroelectronics PDM2PCM 3.3.0
2024-09-05 09:30:17,247 [INFO] ThirdParty:1030 - CMSIS Pack Vendor :STMicroelectronics X-CUBE-DISPLAY 3.0.0
2024-09-05 09:30:17,247 [INFO] ThirdParty:1030 - CMSIS Pack Vendor :RealThread X-CUBE-RT-Thread_Nano 4.1.1
2024-09-05 09:30:17,247 [INFO] ThirdParty:1030 - CMSIS Pack Vendor :wolfSSL I-CUBE-wolfSSL 5.7.0
2024-09-05 09:30:17,247 [INFO] ThirdParty:1030 - CMSIS Pack Vendor :STMicroelectronics FP-SNS-MOTENVWB1 1.3.1
2024-09-05 09:30:17,247 [INFO] ThirdParty:1030 - CMSIS Pack Vendor :STMicroelectronics X-CUBE-BLE1 7.0.0
2024-09-05 09:30:17,247 [INFO] ThirdParty:1030 - CMSIS Pack Vendor :STMicroelectronics FP-ATR-SIGFOX1 3.2.0
2024-09-05 09:30:17,247 [INFO] ThirdParty:1030 - CMSIS Pack Vendor :STMicroelectronics X-CUBE-ISPU 2.0.0
2024-09-05 09:30:17,247 [INFO] ThirdParty:1030 - CMSIS Pack Vendor :STMicroelectronics X-CUBE-EEPRMA1 5.1.0
2024-09-05 09:30:17,247 [INFO] ThirdParty:1030 - CMSIS Pack Vendor :STMicroelectronics HAL Drivers 0.0.0
2024-09-05 09:30:17,247 [INFO] ThirdParty:1030 - CMSIS Pack Vendor :STMicroelectronics MBEDTLS 2.16.2
2024-09-05 09:30:17,248 [INFO] ThirdParty:1030 - CMSIS Pack Vendor :STMicroelectronics X-CUBE-ALS 1.0.2
2024-09-05 09:30:17,248 [INFO] ThirdParty:1030 - CMSIS Pack Vendor :emotas I-CUBE-CANOPEN 1.3.0
2024-09-05 09:30:17,248 [INFO] ThirdParty:1030 - CMSIS Pack Vendor :STMicroelectronics X-CUBE-MEMS1 10.0.0
2024-09-05 09:30:17,248 [INFO] ThirdParty:1030 - CMSIS Pack Vendor :STMicroelectronics X-CUBE-FREERTOS 1.1.0
2024-09-05 09:30:17,248 [INFO] ThirdParty:1030 - CMSIS Pack Vendor :STMicroelectronics X-CUBE-NFC7 1.0.1
2024-09-05 09:30:17,248 [INFO] ThirdParty:1030 - CMSIS Pack Vendor :STMicroelectronics MBEDTLS 2.14.1
2024-09-05 09:30:17,248 [INFO] ThirdParty:1030 - CMSIS Pack Vendor :STMicroelectronics X-CUBE-TOUCHGFX 4.24.0
2024-09-05 09:30:17,248 [INFO] ThirdParty:1030 - CMSIS Pack Vendor :ITTIA_DB I-CUBE-ITTIADB 8.9.0
2024-09-05 09:30:17,248 [INFO] ThirdParty:1030 - CMSIS Pack Vendor :wolfSSL I-CUBE-wolfTPM 3.4.0
2024-09-05 09:30:17,248 [INFO] ThirdParty:1030 - CMSIS Pack Vendor :portGmbH I-Cube-SoM-uGOAL 1.1.0
2024-09-05 09:30:17,248 [INFO] ThirdParty:1030 - CMSIS Pack Vendor :STMicroelectronics X-CUBE-ALS 1.0.1
2024-09-05 09:30:17,248 [INFO] ThirdParty:1030 - CMSIS Pack Vendor :STMicroelectronics X-CUBE-BLEMGR 3.1.0
2024-09-05 09:30:17,248 [INFO] ThirdParty:1030 - CMSIS Pack Vendor :STMicroelectronics ThreadX 1.0.0
2024-09-05 09:30:17,248 [INFO] ThirdParty:1030 - CMSIS Pack Vendor :STMicroelectronics FP-SNS-SMARTAG2 1.2.0
2024-09-05 09:30:17,248 [INFO] ThirdParty:1030 - CMSIS Pack Vendor :STMicroelectronics X-CUBE-AZRTOS-WL 2.0.0
2024-09-05 09:30:17,248 [INFO] ThirdParty:1030 - CMSIS Pack Vendor :SEGGER I-CUBE-embOS 1.3.1
2024-09-05 09:30:17,248 [INFO] ThirdParty:1030 - CMSIS Pack Vendor :STMicroelectronics X-CUBE-ALGOBUILD 1.4.0
2024-09-05 09:30:17,248 [INFO] ThirdParty:1030 - CMSIS Pack Vendor :STMicroelectronics FP-SNS-MOTENV1 5.0.0
2024-09-05 09:30:17,248 [INFO] ThirdParty:1030 - CMSIS Pack Vendor :STMicroelectronics USB_DEVICE 1.0.0
2024-09-05 09:30:17,248 [INFO] ThirdParty:1030 - CMSIS Pack Vendor :STMicroelectronics X-CUBE-AI 8.1.0
2024-09-05 09:30:17,248 [INFO] ThirdParty:1030 - CMSIS Pack Vendor :STMicroelectronics X-CUBE-AZRTOS-H7RS 1.0.0
2024-09-05 09:30:17,248 [INFO] ThirdParty:1030 - CMSIS Pack Vendor :wolfSSL I-CUBE-wolfMQTT 1.19.0
2024-09-05 09:30:17,248 [INFO] ThirdParty:1030 - CMSIS Pack Vendor :STMicroelectronics X-CUBE-AZRTOS-L4 2.0.0
2024-09-05 09:30:17,248 [INFO] ThirdParty:1030 - CMSIS Pack Vendor :STMicroelectronics ThreadX 0.0.2
2024-09-05 09:30:17,248 [INFO] ThirdParty:1030 - CMSIS Pack Vendor :WES I-CUBE-Cesium 1.3.0
2024-09-05 09:30:17,248 [INFO] ThirdParty:1030 - CMSIS Pack Vendor :STMicroelectronics FP-ATR-ASTRA1 2.0.0
2024-09-05 09:30:17,248 [INFO] ThirdParty:1030 - CMSIS Pack Vendor :STMicroelectronics lwIP 2.1.2
2024-09-05 09:30:17,248 [INFO] ThirdParty:1030 - CMSIS Pack Vendor :STMicroelectronics X-CUBE-SFXS2LP1 4.0.0
2024-09-05 09:30:17,248 [INFO] ThirdParty:1030 - CMSIS Pack Vendor :STMicroelectronics X-CUBE-BLE2 3.3.0
2024-09-05 09:30:17,248 [INFO] ThirdParty:1030 - CMSIS Pack Vendor :STMicroelectronics X-CUBE-TOF1 3.4.2
2024-09-05 09:30:17,248 [INFO] ThirdParty:1030 - CMSIS Pack Vendor :STMicroelectronics X-CUBE-TOF1 3.4.1
2024-09-05 09:30:17,248 [INFO] ThirdParty:1030 - CMSIS Pack Vendor :STMicroelectronics X-CUBE-AZRTOS-H7 3.2.0
2024-09-05 09:30:17,248 [INFO] ThirdParty:1030 - CMSIS Pack Vendor :Infineon AIROC-Wi-Fi-Bluetooth-STM32 1.6.0
2024-09-05 09:30:17,248 [INFO] ThirdParty:1030 - CMSIS Pack Vendor :STMicroelectronics PDM2PCM 3.2.0
2024-09-05 09:30:17,248 [INFO] ThirdParty:1030 - CMSIS Pack Vendor :wolfSSL I-CUBE-wolfSSH 1.4.17
2024-09-05 09:30:17,248 [INFO] ThirdParty:841 - exiting critical section [change project]
2024-09-05 09:30:17,398 [INFO] PinOutPanel:1561 - setPackage(No Configuration,No Configuration)
2024-09-05 09:30:17,399 [INFO] PinOutPanel:1561 - setPackage(STM32F405RGTx,LQFP64)
2024-09-05 09:30:17,660 [INFO] UtilMem:75 - Before build in PCC Used Memory: 682126144 Bytes (1073741824)
2024-09-05 09:30:18,400 [INFO] UtilMem:75 - After build in PCC Used Memory: 742943552 Bytes (1073741824)
2024-09-05 09:30:18,534 [INFO] ApiDbMcu:508 - Load IP Config File for FREERTOS
2024-09-05 09:30:18,545 [INFO] ApiDbMcu:508 - Load IP Config File for USB_DEVICE
2024-09-05 09:30:18,562 [INFO] IPUIPlugin:80 - create IPUIPlugin
2024-09-05 09:30:18,562 [INFO] IPUIPlugin:80 - create IPUIPlugin
2024-09-05 09:30:18,562 [INFO] IPUIPlugin:80 - create IPUIPlugin
2024-09-05 09:30:18,562 [INFO] IPUIPlugin:80 - create IPUIPlugin
2024-09-05 09:30:18,562 [INFO] IPUIPlugin:80 - create IPUIPlugin
2024-09-05 09:30:18,562 [INFO] IPUIPlugin:80 - create IPUIPlugin
2024-09-05 09:30:18,562 [INFO] IPUIPlugin:80 - create IPUIPlugin
2024-09-05 09:30:18,562 [INFO] IPUIPlugin:80 - create IPUIPlugin
2024-09-05 09:30:18,562 [INFO] IPUIPlugin:80 - create IPUIPlugin
2024-09-05 09:30:18,562 [INFO] IPUIPlugin:80 - create IPUIPlugin
2024-09-05 09:30:18,562 [INFO] IPUIPlugin:80 - create IPUIPlugin
2024-09-05 09:30:18,562 [INFO] IPUIPlugin:80 - create IPUIPlugin
2024-09-05 09:30:18,562 [INFO] IPUIPlugin:80 - create IPUIPlugin
2024-09-05 09:30:18,562 [INFO] IPUIPlugin:80 - create IPUIPlugin
2024-09-05 09:30:18,562 [INFO] IPUIPlugin:80 - create IPUIPlugin
2024-09-05 09:30:18,562 [INFO] IPUIPlugin:80 - create IPUIPlugin
2024-09-05 09:30:18,562 [INFO] IPUIPlugin:80 - create IPUIPlugin
2024-09-05 09:30:18,562 [INFO] IPUIPlugin:80 - create IPUIPlugin
2024-09-05 09:30:18,562 [INFO] IPUIPlugin:80 - create IPUIPlugin
2024-09-05 09:30:18,563 [INFO] IPUIPlugin:80 - create IPUIPlugin
2024-09-05 09:30:18,563 [INFO] IPUIPlugin:80 - create IPUIPlugin
2024-09-05 09:30:18,563 [INFO] IPUIPlugin:80 - create IPUIPlugin
2024-09-05 09:30:18,563 [INFO] IPUIPlugin:80 - create IPUIPlugin
2024-09-05 09:30:18,563 [INFO] IPUIPlugin:80 - create IPUIPlugin
2024-09-05 09:30:18,563 [INFO] IPUIPlugin:80 - create IPUIPlugin
2024-09-05 09:30:18,563 [INFO] IPUIPlugin:80 - create IPUIPlugin
2024-09-05 09:30:18,563 [INFO] IPUIPlugin:80 - create IPUIPlugin
2024-09-05 09:30:18,563 [INFO] IPUIPlugin:80 - create IPUIPlugin
2024-09-05 09:30:18,564 [INFO] IPUIPlugin:80 - create IPUIPlugin
2024-09-05 09:30:18,564 [INFO] IPUIPlugin:80 - create IPUIPlugin
2024-09-05 09:30:18,564 [INFO] IPUIPlugin:80 - create IPUIPlugin
2024-09-05 09:30:18,564 [INFO] IPUIPlugin:80 - create IPUIPlugin
2024-09-05 09:30:18,564 [INFO] IPUIPlugin:80 - create IPUIPlugin
2024-09-05 09:30:18,564 [INFO] IPUIPlugin:80 - create IPUIPlugin
2024-09-05 09:30:18,564 [INFO] IPUIPlugin:80 - create IPUIPlugin
2024-09-05 09:30:18,564 [INFO] IPUIPlugin:80 - create IPUIPlugin
2024-09-05 09:30:18,564 [INFO] IPUIPlugin:80 - create IPUIPlugin
2024-09-05 09:30:18,564 [INFO] IPUIPlugin:80 - create IPUIPlugin
2024-09-05 09:30:18,564 [INFO] IPUIPlugin:80 - create IPUIPlugin
2024-09-05 09:30:18,565 [INFO] IPUIPlugin:80 - create IPUIPlugin
2024-09-05 09:30:18,565 [INFO] IPUIPlugin:80 - create IPUIPlugin
2024-09-05 09:30:18,565 [INFO] IPUIPlugin:80 - create IPUIPlugin
2024-09-05 09:30:18,565 [INFO] IPUIPlugin:80 - create IPUIPlugin
2024-09-05 09:30:18,565 [INFO] IPUIPlugin:80 - create IPUIPlugin
2024-09-05 09:30:18,565 [INFO] IPUIPlugin:80 - create IPUIPlugin
2024-09-05 09:30:18,565 [INFO] IPUIPlugin:80 - create IPUIPlugin
2024-09-05 09:30:18,565 [INFO] IPUIPlugin:80 - create IPUIPlugin
2024-09-05 09:30:18,565 [INFO] IPUIPlugin:80 - create IPUIPlugin
2024-09-05 09:30:18,566 [INFO] IPUIPlugin:80 - create IPUIPlugin
2024-09-05 09:30:18,566 [INFO] IPUIPlugin:80 - create IPUIPlugin
2024-09-05 09:30:18,566 [INFO] IPUIPlugin:80 - create IPUIPlugin
2024-09-05 09:30:18,566 [INFO] IPUIPlugin:80 - create IPUIPlugin
2024-09-05 09:30:18,566 [INFO] IPUIPlugin:80 - create IPUIPlugin
2024-09-05 09:30:18,566 [INFO] IPUIPlugin:80 - create IPUIPlugin
2024-09-05 09:30:18,577 [INFO] ApiDbMcu:508 - Load IP Config File for PDM2PCM
2024-09-05 09:30:18,595 [WARN] IP:2191 - I2C_Coeff_DF not found: check if there is a RefParameter without a condition.
2024-09-05 09:30:18,595 [WARN] IP:2191 - Analog_Filter not found: check if there is a RefParameter without a condition.
2024-09-05 09:30:18,597 [WARN] IP:2191 - I2C_Coeff_DF not found: check if there is a RefParameter without a condition.
2024-09-05 09:30:18,597 [WARN] IP:2191 - Analog_Filter not found: check if there is a RefParameter without a condition.
2024-09-05 09:30:18,626 [WARN] FreeRTOS:1023 - Null or empty value: should not occur! (nothing added to the table)
2024-09-05 09:30:18,798 [INFO] CADModel:165 - CPN selected for project levelSTM32F405RGT6
2024-09-05 09:30:18,798 [INFO] CADModel:114 - Register for checkConnection events
2024-09-05 09:30:18,799 [INFO] RtosManager:697 - Active RTOS found at IOC load: FREERTOS [Cortex-M4NS]
2024-09-05 09:30:18,840 [INFO] OpenFileManager:363 - Restore cursor
2024-09-05 09:30:18,919 [WARN] IP:2191 - DEVICE_SERIAL0_CUSTOM_HID_HS not found: check if there is a RefParameter without a condition.
2024-09-05 09:30:18,920 [WARN] IP:2191 - DEVICE_SERIAL1_CUSTOM_HID_HS not found: check if there is a RefParameter without a condition.
2024-09-05 09:30:18,920 [WARN] IP:2191 - DEVICE_SERIAL2_CUSTOM_HID_HS not found: check if there is a RefParameter without a condition.
2024-09-05 09:30:18,920 [WARN] IP:2191 - DEVICE_SERIAL0_CUSTOM_HID_HS not found: check if there is a RefParameter without a condition.
2024-09-05 09:30:18,920 [WARN] IP:2191 - DEVICE_SERIAL1_CUSTOM_HID_HS not found: check if there is a RefParameter without a condition.
2024-09-05 09:30:18,920 [WARN] IP:2191 - DEVICE_SERIAL2_CUSTOM_HID_HS not found: check if there is a RefParameter without a condition.
2024-09-05 09:30:18,949 [WARN] IP:2191 - I2C_Coeff_DF not found: check if there is a RefParameter without a condition.
2024-09-05 09:30:18,949 [WARN] IP:2191 - Analog_Filter not found: check if there is a RefParameter without a condition.
2024-09-05 09:30:18,950 [WARN] IP:2191 - I2C_Coeff_DF not found: check if there is a RefParameter without a condition.
2024-09-05 09:30:18,950 [WARN] IP:2191 - Analog_Filter not found: check if there is a RefParameter without a condition.
2024-09-05 09:30:18,951 [WARN] IP:2191 - I2C_Coeff_DF not found: check if there is a RefParameter without a condition.
2024-09-05 09:30:18,951 [WARN] IP:2191 - Analog_Filter not found: check if there is a RefParameter without a condition.
2024-09-05 09:30:18,951 [WARN] IP:2191 - I2C_Coeff_DF not found: check if there is a RefParameter without a condition.
2024-09-05 09:30:18,951 [WARN] IP:2191 - Analog_Filter not found: check if there is a RefParameter without a condition.
2024-09-05 09:30:19,307 [INFO] UtilMem:75 - End SaveConfig() Used Memory: 916318360 Bytes (1073741824)
2024-09-05 09:30:19,356 [INFO] UtilMem:75 - End SaveConfig() Used Memory: 935152656 Bytes (1073741824)
2024-09-05 09:30:19,652 [INFO] BlockDiagram:2766 - set Specific Code input for plugin: USB_OTG_HS
2024-09-05 09:30:19,652 [INFO] BlockDiagram:2766 - set Specific Code input for plugin: FREERTOS
2024-09-05 09:30:19,652 [INFO] BlockDiagram:2766 - set Specific Code input for plugin: USB_DEVICE
2024-09-05 09:30:19,652 [INFO] BlockDiagram:2766 - set Specific Code input for plugin: SYS
2024-09-05 09:30:19,652 [INFO] BlockDiagram:2766 - set Specific Code input for plugin: ADC
2024-09-05 09:30:19,653 [INFO] BlockDiagram:2766 - set Specific Code input for plugin: RCC
2024-09-05 09:30:19,653 [INFO] BlockDiagram:2766 - set Specific Code input for plugin: I2C
2024-09-05 09:30:19,653 [INFO] BlockDiagram:2766 - set Specific Code input for plugin: I2C
2024-09-05 09:30:19,653 [INFO] BlockDiagram:2766 - set Specific Code input for plugin: NVIC
2024-09-05 09:30:19,653 [INFO] BlockDiagram:2766 - set Specific Code input for plugin: USART
2024-09-05 09:30:19,653 [INFO] BlockDiagram:2766 - set Specific Code input for plugin: USART
2024-09-05 09:30:19,653 [INFO] BlockDiagram:2766 - set Specific Code input for plugin: GPIO
2024-09-05 09:30:19,654 [INFO] CodeGenerator:807 - code generatio: config db path: D:\software\st\STM32CubeIDE_1.15.0\STM32CubeIDE\plugins\com.st.stm32cube.common.mx_6.12.0.202406281431\\db\
2024-09-05 09:30:19,674 [WARN] IP:2191 - I2C_Coeff_DF not found: check if there is a RefParameter without a condition.
2024-09-05 09:30:19,674 [WARN] IP:2191 - Analog_Filter not found: check if there is a RefParameter without a condition.
2024-09-05 09:30:19,674 [WARN] IP:2191 - I2C_Coeff_DF not found: check if there is a RefParameter without a condition.
2024-09-05 09:30:19,674 [WARN] IP:2191 - Analog_Filter not found: check if there is a RefParameter without a condition.
2024-09-05 09:30:19,679 [WARN] IP:2191 - DEVICE_SERIAL0_CUSTOM_HID_HS not found: check if there is a RefParameter without a condition.
2024-09-05 09:30:19,679 [WARN] IP:2191 - DEVICE_SERIAL1_CUSTOM_HID_HS not found: check if there is a RefParameter without a condition.
2024-09-05 09:30:19,679 [WARN] IP:2191 - DEVICE_SERIAL2_CUSTOM_HID_HS not found: check if there is a RefParameter without a condition.
2024-09-05 09:30:19,757 [INFO] CodeEngine:255 - oldGeneratedFile, D:\projects\mocap_project\stm32_cube_workspace\stm32_cube_project\MXTmpFiles\license.tmp_save
2024-09-05 09:30:19,938 [INFO] CodeEngine:279 - Generated code: D:\projects\mocap_project\stm32_cube_workspace\stm32_cube_project\MXTmpFiles\license.tmp
2024-09-05 09:30:19,978 [INFO] CodeEngine:255 - oldGeneratedFile, D:\projects\mocap_project\stm32_cube_workspace\stm32_cube_project\MXTmpFiles\gpio.tmp_save
2024-09-05 09:30:20,086 [INFO] CodeEngine:279 - Generated code: D:\projects\mocap_project\stm32_cube_workspace\stm32_cube_project\MXTmpFiles\gpio.tmp
2024-09-05 09:30:20,131 [WARN] IPConfigManager:3005 - Warning: the RefConfig PWREx_EnableUSBVoltageDetector is not available in your config.xml file
2024-09-05 09:30:20,138 [INFO] CodeEngine:255 - oldGeneratedFile, D:\projects\mocap_project\stm32_cube_workspace\stm32_cube_project\MXTmpFiles\usb_otg_hs_vars.tmp_save
2024-09-05 09:30:20,189 [INFO] CodeEngine:279 - Generated code: D:\projects\mocap_project\stm32_cube_workspace\stm32_cube_project\MXTmpFiles\usb_otg_hs_vars.tmp
2024-09-05 09:30:20,191 [INFO] CodeEngine:255 - oldGeneratedFile, D:\projects\mocap_project\stm32_cube_workspace\stm32_cube_project\MXTmpFiles\usb_otg_hs_inc.tmp_save
2024-09-05 09:30:20,230 [INFO] CodeEngine:279 - Generated code: D:\projects\mocap_project\stm32_cube_workspace\stm32_cube_project\MXTmpFiles\usb_otg_hs_inc.tmp
2024-09-05 09:30:20,231 [INFO] CodeEngine:255 - oldGeneratedFile, D:\projects\mocap_project\stm32_cube_workspace\stm32_cube_project\MXTmpFiles\usb_otg_hs_HalInit.tmp_save
2024-09-05 09:30:20,297 [INFO] CodeEngine:279 - Generated code: D:\projects\mocap_project\stm32_cube_workspace\stm32_cube_project\MXTmpFiles\usb_otg_hs_HalInit.tmp
2024-09-05 09:30:20,299 [INFO] CodeEngine:255 - oldGeneratedFile, D:\projects\mocap_project\stm32_cube_workspace\stm32_cube_project\MXTmpFiles\usb_otg_hs_Msp.tmp_save
2024-09-05 09:30:20,365 [INFO] CodeEngine:279 - Generated code: D:\projects\mocap_project\stm32_cube_workspace\stm32_cube_project\MXTmpFiles\usb_otg_hs_Msp.tmp
2024-09-05 09:30:20,514 [INFO] Middleware:1439 - No code input for Bsp Dependency
2024-09-05 09:30:20,521 [INFO] CodeEngine:255 - oldGeneratedFile, D:\projects\mocap_project\stm32_cube_workspace\stm32_cube_project\MXTmpFiles\rtos_inc.tmp_save
2024-09-05 09:30:20,587 [INFO] CodeEngine:279 - Generated code: D:\projects\mocap_project\stm32_cube_workspace\stm32_cube_project\MXTmpFiles\rtos_inc.tmp
2024-09-05 09:30:20,590 [INFO] CodeEngine:255 - oldGeneratedFile, D:\projects\mocap_project\stm32_cube_workspace\stm32_cube_project\MXTmpFiles\rtos_vars.tmp_save
2024-09-05 09:30:20,637 [INFO] CodeEngine:279 - Generated code: D:\projects\mocap_project\stm32_cube_workspace\stm32_cube_project\MXTmpFiles\rtos_vars.tmp
2024-09-05 09:30:20,639 [INFO] CodeEngine:255 - oldGeneratedFile, D:\projects\mocap_project\stm32_cube_workspace\stm32_cube_project\MXTmpFiles\rtos_pfp.tmp_save
2024-09-05 09:30:20,681 [INFO] CodeEngine:279 - Generated code: D:\projects\mocap_project\stm32_cube_workspace\stm32_cube_project\MXTmpFiles\rtos_pfp.tmp
2024-09-05 09:30:20,682 [INFO] CodeEngine:255 - oldGeneratedFile, D:\projects\mocap_project\stm32_cube_workspace\stm32_cube_project\MXTmpFiles\rtos_obj_creat.tmp_save
2024-09-05 09:30:20,722 [INFO] CodeEngine:279 - Generated code: D:\projects\mocap_project\stm32_cube_workspace\stm32_cube_project\MXTmpFiles\rtos_obj_creat.tmp
2024-09-05 09:30:20,724 [INFO] CodeEngine:255 - oldGeneratedFile, D:\projects\mocap_project\stm32_cube_workspace\stm32_cube_project\MXTmpFiles\rtos_kernelStart.tmp_save
2024-09-05 09:30:20,756 [INFO] CodeEngine:279 - Generated code: D:\projects\mocap_project\stm32_cube_workspace\stm32_cube_project\MXTmpFiles\rtos_kernelStart.tmp
2024-09-05 09:30:20,758 [INFO] CodeEngine:255 - oldGeneratedFile, D:\projects\mocap_project\stm32_cube_workspace\stm32_cube_project\MXTmpFiles\rtos_default_thread.tmp_save
2024-09-05 09:30:20,802 [INFO] CodeEngine:279 - Generated code: D:\projects\mocap_project\stm32_cube_workspace\stm32_cube_project\MXTmpFiles\rtos_default_thread.tmp
2024-09-05 09:30:20,804 [INFO] CodeEngine:255 - oldGeneratedFile, D:\projects\mocap_project\stm32_cube_workspace\stm32_cube_project\MXTmpFiles\rtos_threads.tmp_save
2024-09-05 09:30:20,837 [INFO] CodeEngine:279 - Generated code: D:\projects\mocap_project\stm32_cube_workspace\stm32_cube_project\MXTmpFiles\rtos_threads.tmp
2024-09-05 09:30:20,853 [INFO] Middleware:1439 - No code input for Bsp Dependency
2024-09-05 09:30:20,858 [INFO] Middleware:1439 - No code input for Bsp Dependency
2024-09-05 09:30:20,862 [INFO] CodeEngine:255 - oldGeneratedFile, D:\projects\mocap_project\stm32_cube_workspace\stm32_cube_project\MXTmpFiles\rtos_inc.tmp_save
2024-09-05 09:30:20,901 [INFO] CodeEngine:279 - Generated code: D:\projects\mocap_project\stm32_cube_workspace\stm32_cube_project\MXTmpFiles\rtos_inc.tmp
2024-09-05 09:30:20,904 [INFO] CodeEngine:255 - oldGeneratedFile, D:\projects\mocap_project\stm32_cube_workspace\stm32_cube_project\MXTmpFiles\rtos_vars.tmp_save
2024-09-05 09:30:20,935 [INFO] CodeEngine:279 - Generated code: D:\projects\mocap_project\stm32_cube_workspace\stm32_cube_project\MXTmpFiles\rtos_vars.tmp
2024-09-05 09:30:20,937 [INFO] CodeEngine:255 - oldGeneratedFile, D:\projects\mocap_project\stm32_cube_workspace\stm32_cube_project\MXTmpFiles\rtos_pfp.tmp_save
2024-09-05 09:30:20,962 [INFO] CodeEngine:279 - Generated code: D:\projects\mocap_project\stm32_cube_workspace\stm32_cube_project\MXTmpFiles\rtos_pfp.tmp
2024-09-05 09:30:20,968 [INFO] CodeEngine:255 - oldGeneratedFile, D:\projects\mocap_project\stm32_cube_workspace\stm32_cube_project\MXTmpFiles\rtos_obj_creat.tmp_save
2024-09-05 09:30:20,994 [INFO] CodeEngine:279 - Generated code: D:\projects\mocap_project\stm32_cube_workspace\stm32_cube_project\MXTmpFiles\rtos_obj_creat.tmp
2024-09-05 09:30:20,996 [INFO] CodeEngine:255 - oldGeneratedFile, D:\projects\mocap_project\stm32_cube_workspace\stm32_cube_project\MXTmpFiles\rtos_kernelStart.tmp_save
2024-09-05 09:30:21,019 [INFO] CodeEngine:279 - Generated code: D:\projects\mocap_project\stm32_cube_workspace\stm32_cube_project\MXTmpFiles\rtos_kernelStart.tmp
2024-09-05 09:30:21,022 [INFO] CodeEngine:255 - oldGeneratedFile, D:\projects\mocap_project\stm32_cube_workspace\stm32_cube_project\MXTmpFiles\rtos_default_thread.tmp_save
2024-09-05 09:30:21,045 [INFO] CodeEngine:279 - Generated code: D:\projects\mocap_project\stm32_cube_workspace\stm32_cube_project\MXTmpFiles\rtos_default_thread.tmp
2024-09-05 09:30:21,047 [INFO] CodeEngine:255 - oldGeneratedFile, D:\projects\mocap_project\stm32_cube_workspace\stm32_cube_project\MXTmpFiles\rtos_threads.tmp_save
2024-09-05 09:30:21,071 [INFO] CodeEngine:279 - Generated code: D:\projects\mocap_project\stm32_cube_workspace\stm32_cube_project\MXTmpFiles\rtos_threads.tmp
2024-09-05 09:30:21,073 [INFO] CodeEngine:255 - oldGeneratedFile, D:\projects\mocap_project\stm32_cube_workspace\stm32_cube_project\Core\Inc\FreeRTOSConfig.h_save
2024-09-05 09:30:21,143 [INFO] CodeEngine:279 - Generated code: D:\projects\mocap_project\stm32_cube_workspace\stm32_cube_project\Core\Inc\FreeRTOSConfig.h
2024-09-05 09:30:21,145 [INFO] CodeEngine:255 - oldGeneratedFile, D:\projects\mocap_project\stm32_cube_workspace\stm32_cube_project\Core\Src\freertos.c_save
2024-09-05 09:30:21,195 [INFO] CodeEngine:279 - Generated code: D:\projects\mocap_project\stm32_cube_workspace\stm32_cube_project\Core\Src\freertos.c
2024-09-05 09:30:21,207 [INFO] Middleware:1439 - No code input for Bsp Dependency
2024-09-05 09:30:21,211 [INFO] CodeEngine:255 - oldGeneratedFile, D:\projects\mocap_project\stm32_cube_workspace\stm32_cube_project\USB_DEVICE\App\usb_device.c_save
2024-09-05 09:30:21,270 [INFO] CodeEngine:279 - Generated code: D:\projects\mocap_project\stm32_cube_workspace\stm32_cube_project\USB_DEVICE\App\usb_device.c
2024-09-05 09:30:21,272 [INFO] CodeEngine:255 - oldGeneratedFile, D:\projects\mocap_project\stm32_cube_workspace\stm32_cube_project\USB_DEVICE\App\usb_device.h_save
2024-09-05 09:30:21,315 [INFO] CodeEngine:279 - Generated code: D:\projects\mocap_project\stm32_cube_workspace\stm32_cube_project\USB_DEVICE\App\usb_device.h
2024-09-05 09:30:21,317 [INFO] CodeEngine:255 - oldGeneratedFile, D:\projects\mocap_project\stm32_cube_workspace\stm32_cube_project\USB_DEVICE\Target\usbd_conf.h_save
2024-09-05 09:30:21,367 [INFO] CodeEngine:279 - Generated code: D:\projects\mocap_project\stm32_cube_workspace\stm32_cube_project\USB_DEVICE\Target\usbd_conf.h
2024-09-05 09:30:21,373 [INFO] CodeEngine:255 - oldGeneratedFile, D:\projects\mocap_project\stm32_cube_workspace\stm32_cube_project\USB_DEVICE\Target\usbd_conf.c_save
2024-09-05 09:30:21,421 [INFO] CodeEngine:279 - Generated code: D:\projects\mocap_project\stm32_cube_workspace\stm32_cube_project\USB_DEVICE\Target\usbd_conf.c
2024-09-05 09:30:21,427 [INFO] CodeEngine:255 - oldGeneratedFile, D:\projects\mocap_project\stm32_cube_workspace\stm32_cube_project\USB_DEVICE\App\usbd_desc.h_save
2024-09-05 09:30:21,472 [INFO] CodeEngine:279 - Generated code: D:\projects\mocap_project\stm32_cube_workspace\stm32_cube_project\USB_DEVICE\App\usbd_desc.h
2024-09-05 09:30:21,474 [INFO] CodeEngine:255 - oldGeneratedFile, D:\projects\mocap_project\stm32_cube_workspace\stm32_cube_project\USB_DEVICE\App\usbd_desc.c_save
2024-09-05 09:30:21,520 [INFO] CodeEngine:279 - Generated code: D:\projects\mocap_project\stm32_cube_workspace\stm32_cube_project\USB_DEVICE\App\usbd_desc.c
2024-09-05 09:30:21,526 [INFO] CodeEngine:255 - oldGeneratedFile, D:\projects\mocap_project\stm32_cube_workspace\stm32_cube_project\USB_DEVICE\App\usbd_custom_hid_if.h_save
2024-09-05 09:30:21,561 [INFO] CodeEngine:279 - Generated code: D:\projects\mocap_project\stm32_cube_workspace\stm32_cube_project\USB_DEVICE\App\usbd_custom_hid_if.h
2024-09-05 09:30:21,563 [INFO] CodeEngine:255 - oldGeneratedFile, D:\projects\mocap_project\stm32_cube_workspace\stm32_cube_project\USB_DEVICE\App\usbd_custom_hid_if.c_save
2024-09-05 09:30:21,599 [INFO] CodeEngine:279 - Generated code: D:\projects\mocap_project\stm32_cube_workspace\stm32_cube_project\USB_DEVICE\App\usbd_custom_hid_if.c
2024-09-05 09:30:21,605 [INFO] CodeEngine:255 - oldGeneratedFile, D:\projects\mocap_project\stm32_cube_workspace\stm32_cube_project\Core\Src\stm32f4xx_it.c_save
2024-09-05 09:30:21,664 [INFO] CodeEngine:279 - Generated code: D:\projects\mocap_project\stm32_cube_workspace\stm32_cube_project\Core\Src\stm32f4xx_it.c
2024-09-05 09:30:21,666 [INFO] CodeEngine:255 - oldGeneratedFile, D:\projects\mocap_project\stm32_cube_workspace\stm32_cube_project\Core\Inc\stm32f4xx_it.h_save
2024-09-05 09:30:21,705 [INFO] CodeEngine:279 - Generated code: D:\projects\mocap_project\stm32_cube_workspace\stm32_cube_project\Core\Inc\stm32f4xx_it.h
2024-09-05 09:30:21,712 [INFO] CodeEngine:255 - oldGeneratedFile, D:\projects\mocap_project\stm32_cube_workspace\stm32_cube_project\Core\Src\stm32f4xx_hal_msp.c_save
2024-09-05 09:30:21,774 [INFO] CodeEngine:279 - Generated code: D:\projects\mocap_project\stm32_cube_workspace\stm32_cube_project\Core\Src\stm32f4xx_hal_msp.c
2024-09-05 09:30:21,779 [INFO] CodeEngine:255 - oldGeneratedFile, D:\projects\mocap_project\stm32_cube_workspace\stm32_cube_project\MXTmpFiles\system.tmp_save
2024-09-05 09:30:21,811 [INFO] CodeEngine:279 - Generated code: D:\projects\mocap_project\stm32_cube_workspace\stm32_cube_project\MXTmpFiles\system.tmp
2024-09-05 09:30:21,813 [INFO] CodeEngine:255 - oldGeneratedFile, D:\projects\mocap_project\stm32_cube_workspace\stm32_cube_project\Core\Src\stm32f4xx_hal_timebase_tim.c_save
2024-09-05 09:30:21,854 [INFO] CodeEngine:279 - Generated code: D:\projects\mocap_project\stm32_cube_workspace\stm32_cube_project\Core\Src\stm32f4xx_hal_timebase_tim.c
2024-09-05 09:30:21,858 [INFO] CodeEngine:311 - oldGeneratedFile, D:\projects\mocap_project\stm32_cube_workspace\stm32_cube_project\Core\Inc\stm32f4xx_hal_conf.h_save
2024-09-05 09:30:21,906 [INFO] CodeEngine:335 - Generated code: D:\projects\mocap_project\stm32_cube_workspace\stm32_cube_project\Core\Inc\stm32f4xx_hal_conf.h
2024-09-05 09:30:21,928 [INFO] CodeEngine:255 - oldGeneratedFile, D:\projects\mocap_project\stm32_cube_workspace\stm32_cube_project\Core\Inc\main.h_save
2024-09-05 09:30:21,984 [INFO] CodeEngine:279 - Generated code: D:\projects\mocap_project\stm32_cube_workspace\stm32_cube_project\Core\Inc\main.h
2024-09-05 09:30:21,986 [INFO] CodeEngine:255 - oldGeneratedFile, D:\projects\mocap_project\stm32_cube_workspace\stm32_cube_project\Core\Src\main.c_save
2024-09-05 09:30:22,056 [INFO] CodeEngine:279 - Generated code: D:\projects\mocap_project\stm32_cube_workspace\stm32_cube_project\Core\Src\main.c
2024-09-05 09:30:22,270 [INFO] ProjectBuilder:3249 - Time for Copy HAL[1] : 129mS.
2024-09-05 09:30:22,275 [INFO] ProjectBuilder:4828 - Project Generator version: 4.4.0-B60
2024-09-05 09:30:22,316 [INFO] ConfigFileManager:1531 - The Die is : DIE413
2024-09-05 09:30:22,321 [INFO] ApiDbMcu:508 - Load IP Config File for FATFS
2024-09-05 09:30:22,322 [INFO] ApiDbMcu:508 - Load IP Config File for LIBJPEG
2024-09-05 09:30:22,325 [INFO] ApiDbMcu:508 - Load IP Config File for MBEDTLS
2024-09-05 09:30:22,326 [INFO] ApiDbMcu:508 - Load IP Config File for USB_HOST
2024-09-05 09:30:22,500 [INFO] LogOutputStream:77 - [STDOUT_REDIRECT] 
2024-09-05 09:30:23,737 [INFO] ProjectBuilder:5097 - Time for Generating toolchain IDE Files: 1462mS.
2024-09-05 09:30:23,738 [INFO] ProjectBuilder:3107 - Time for Copy CMSIS : 1mS.
2024-09-05 09:30:23,739 [INFO] ProjectBuilder:3107 - Time for Copy CMSIS : 0mS.
2024-09-05 09:30:23,955 [INFO] McuFinderGlobals:76 - Set McuFinderConnectedMode to true
2024-09-05 09:30:23,957 [INFO] ApiDb:448 - Save user favorites file C:\Users\bashk/.stm32cubeide/favorites.mcus.txt: 0 item(s)
2024-09-05 09:30:23,957 [INFO] ApiDb:452 - User favorites MCUs=[]
